Row Labels,Merchant Street Address,Transaction WeekOfYear,Average of Unit Cost,Average of unleadedavgPrice,Average of unleadedstedev,
#40 Wallis,I-44 & Hwy 19,28,2.1,2.120970874,0.071927449,High
7-Eleven 30137,625 W Roosevelt Rd,42,2.66,2.344356436,0.110547871,High
Boomland #1,100 Beasley Park Rd,31,2.1,2.198024691,0.049356351,High
BP 5823836,2532 E US Highway 36,41,2.3,2.369791667,0.059453284,High
BP 5823836,2532 E US Highway 36,42,2.3,2.344356436,0.110547871,High
BP 5823836,2532 E US Highway 36,44,2.59,2.586727273,0.138166959,High
BP 5823836,2532 E US Highway 36,46,2.6,2.640891089,0.042687211,High
BP 5823836,2532 E US Highway 36,47,2.6,2.519753086,0.082461738,High
BP 5823836,2532 E US Highway 36,48,2.47,2.464803922,0.085094361,High
BP 6295612,1860 E Court St,43,2.34,2.445714286,0.12409563,High
BP 6549448,302 W Washington St,18,2.2,2.130454545,0.059343324,High
BP 6549448,302 W Washington St,41,2.3,2.369791667,0.059453284,High
BP 8293250,1043 S Crescent St,46,2.54,2.640891089,0.042687211,High
BP 8608770,301 S Murray Rd,50,2.33,2.351440678,0.089081499,High
BP 8614653,2901 Adlai Stevenson Dr,39,2.4,2.398737864,0.104381273,High
BP 8617102,1821 Philo Rd,1,2.33,2.433513514,0.108608125,Average
BP 8617102,1821 Philo Rd,2,2.493333333,2.479344262,0.056198257,Average
BP 8617102,1821 Philo Rd,3,2.34,2.400842105,0.142004369,Average
BP 8617102,1821 Philo Rd,4,2.255,2.236203704,0.088715839,Average
BP 8617102,1821 Philo Rd,5,2.14,2.169454545,0.065718839,Average
BP 8617102,1821 Philo Rd,6,2.123333333,2.114,0.06391221,Average
BP 8617102,1821 Philo Rd,7,2.28,2.256153846,0.083320736,High
BP 8617102,1821 Philo Rd,8,2.235,2.278265306,0.083764834,High
BP 8617102,1821 Philo Rd,9,2.24,2.332056075,0.071437244,High
BP 8617102,1821 Philo Rd,11,2.4,2.197592593,0.165200928,High
BP 8617102,1821 Philo Rd,12,2.28,2.353861386,0.056920476,High
BP 8617102,1821 Philo Rd,14,2.38,2.348469388,0.164243671,High
BP 8617102,1821 Philo Rd,16,2.1,2.288518519,0.163099733,High
BP 8617102,1821 Philo Rd,17,2.18,2.210505051,0.074290848,High
BP 8617102,1821 Philo Rd,18,2.09,2.130454545,0.059343324,High
BP 8617102,1821 Philo Rd,20,2.25,2.2975,0.098990787,High
BP 8617102,1821 Philo Rd,21,2.24,2.25754902,0.127663204,High
BP 8617102,1821 Philo Rd,22,2.166666667,2.209885057,0.043894542,High
BP 8617102,1821 Philo Rd,23,2.16,2.186530612,0.101026709,High
BP 8617102,1821 Philo Rd,25,2.04,2.05311828,0.038701154,High
BP 8617102,1821 Philo Rd,27,2.12,2.145816327,0.051210571,High
BP 8617102,1821 Philo Rd,29,2.03,2.067272727,0.082780977,High
BP 8617102,1821 Philo Rd,30,2.1,2.132427184,0.114055938,High
BP 8617102,1821 Philo Rd,32,2.17,2.262788462,0.19092751,High
BP 8617102,1821 Philo Rd,33,2.345,2.328241758,0.08020243,High
BP 8617102,1821 Philo Rd,34,2.27,2.284326923,0.056099157,High
BP 8617102,1821 Philo Rd,35,2.382,2.391445783,0.078088951,High
BP 8617102,1821 Philo Rd,36,2.58,2.534886364,0.095158601,High
BP 8617102,1821 Philo Rd,37,2.57,2.541935484,0.124867391,High
BP 8617102,1821 Philo Rd,39,2.385,2.398737864,0.104381273,High
BP 8617102,1821 Philo Rd,41,2.37,2.369791667,0.059453284,High
BP 8617102,1821 Philo Rd,43,2.44,2.445714286,0.12409563,High
BP 8617102,1821 Philo Rd,44,2.43,2.586727273,0.138166959,High
BP 8617102,1821 Philo Rd,46,2.66,2.640891089,0.042687211,High
BP 8617102,1821 Philo Rd,48,2.49,2.464803922,0.085094361,High
BP 8617102,1821 Philo Rd,49,2.47,2.394035088,0.021686393,High
BP 8617102,1821 Philo Rd,51,2.3,2.410736842,0.144864148,High
BP 8617102,1821 Philo Rd,52,2.37,2.470526316,0.064325529,High
BP 8617219,2416 N University St,33,2.3,2.328241758,0.08020243,High
BP 8617219,2416 N University St,38,2.3,2.4240625,0.121789967,High
BP 8879926,110 N Lewis Ave,3,2.3,2.400842105,0.142004369,Average
BP 9178526,149 E Ogden Ave,11,2.34,2.197592593,0.165200928,High
BP 9444449,1000 E Southline Rd,17,2.16,2.210505051,0.074290848,High
BP 9783440,628 N Lake St,15,2.5,2.349605263,0.080157192,High
BPS Oil Co. 1480,705 Old Route 36,18,2.3,2.130454545,0.059343324,High
BPS Oil Co. 1480,705 Old Route 36,36,2.5,2.534886364,0.095158601,High
Bucky's Express,1598 W Ogden Ave,14,2.37,2.348469388,0.164243671,High
C C FD. Mt Hamel,I-55 & Route 140/I,40,2.36,2.419807692,0.071080165,High
C C Mart Pierron,RR 143,5,2.4,2.169454545,0.065718839,Average
Caseys Gen. Store 149,500 W Central Ave,35,2.37,2.391445783,0.078088951,High
Caseys Gen. Store 166,300 Route 45 S,34,2.15,2.284326923,0.056099157,High
Caseys Gen. Store 166,408 N Lincoln St,1,2.35,2.433513514,0.108608125,Average
Caseys Gen. Store 166,408 N Lincoln St,12,2.23,2.353861386,0.056920476,High
Caseys Gen. Store 166,408 N Lincoln St,32,2.4,2.262788462,0.19092751,High
Caseys Gen. Store 166,408 N Lincoln St,33,2.4,2.328241758,0.08020243,High
Caseys Gen. Store 166,408 N Lincoln St,34,2.18,2.284326923,0.056099157,High
Caseys Gen. Store 166,408 N Lincoln St,35,2.27,2.391445783,0.078088951,High
Caseys Gen. Store 166,408 N Lincoln St,36,2.6,2.534886364,0.095158601,High
Caseys Gen. Store 166,408 N Lincoln St,38,2.45,2.4240625,0.121789967,High
Caseys Gen. Store 166,408 N Lincoln St,42,2.3,2.344356436,0.110547871,High
Caseys Gen. Store 166,408 N Lincoln St,44,2.7,2.586727273,0.138166959,High
Caseys Gen. Store 166,408 N Lincoln St,45,2.66,2.689897959,0.044199522,High
Caseys Gen. Store 166,408 N Lincoln St,47,2.53,2.519753086,0.082461738,High
Caseys Gen. Store 166,408 N Lincoln St,49,2.4,2.394035088,0.021686393,High
Caseys Gen. Store 166,408 N Lincoln St,51,2.5,2.410736842,0.144864148,High
Caseys Gen. Store 172,2401 Marshall Ave,40,2.16,2.419807692,0.071080165,High
Caseys Gen. Store 177,401 E Warren St,2,2.5,2.479344262,0.056198257,Average
Caseys Gen. Store 177,401 E Warren St,6,2.17,2.114,0.06391221,Average
Caseys Gen. Store 200,102 S Prairieview Rd,24,2.08,2.134955752,0.144902208,High
Caseys Gen. Store 203,502 W Main St,14,2.5,2.348469388,0.164243671,High
Caseys Gen. Store 203,502 W Main St,21,2.2,2.25754902,0.127663204,High
Caseys Gen. Store 203,502 W Main St,41,2.34,2.369791667,0.059453284,High
Caseys Gen. Store 203,502 W Main St,46,2.6,2.640891089,0.042687211,High
Caseys Gen. Store 203,502 W Main St,47,2.53,2.519753086,0.082461738,High
Caseys Gen. Store 222,502 N Main St,1,2.4,2.433513514,0.108608125,Average
Caseys Gen. Store 222,502 N Main St,2,2.45,2.479344262,0.056198257,Average
Caseys Gen. Store 222,502 N Main St,4,2.4,2.236203704,0.088715839,Average
Caseys Gen. Store 222,502 N Main St,5,2.08,2.169454545,0.065718839,Average
Caseys Gen. Store 222,502 N Main St,6,2.1,2.114,0.06391221,Average
Caseys Gen. Store 222,502 N Main St,8,2.25,2.278265306,0.083764834,High
Caseys Gen. Store 222,502 N Main St,9,2.22,2.332056075,0.071437244,High
Caseys Gen. Store 222,502 N Main St,10,2.2,2.253245614,0.127525778,High
Caseys Gen. Store 222,502 N Main St,11,2.4,2.197592593,0.165200928,High
Caseys Gen. Store 222,502 N Main St,12,2.23,2.353861386,0.056920476,High
Caseys Gen. Store 222,502 N Main St,13,2.23,2.281521739,0.067187368,High
Caseys Gen. Store 222,502 N Main St,14,2.5,2.348469388,0.164243671,High
Caseys Gen. Store 222,502 N Main St,15,2.5,2.349605263,0.080157192,High
Caseys Gen. Store 222,502 N Main St,16,2.15,2.288518519,0.163099733,High
Caseys Gen. Store 222,502 N Main St,17,2.26,2.210505051,0.074290848,High
Caseys Gen. Store 222,502 N Main St,19,2.09,2.265164835,0.085872808,High
Caseys Gen. Store 222,502 N Main St,20,2.26,2.2975,0.098990787,High
Caseys Gen. Store 222,502 N Main St,21,2.2,2.25754902,0.127663204,High
Caseys Gen. Store 222,502 N Main St,22,2.18,2.209885057,0.043894542,High
Caseys Gen. Store 222,502 N Main St,23,2.16,2.186530612,0.101026709,High
Caseys Gen. Store 222,502 N Main St,24,2.1,2.134955752,0.144902208,High
Caseys Gen. Store 222,502 N Main St,26,2.2,2.099270833,0.102569563,High
Caseys Gen. Store 222,502 N Main St,27,2.12,2.145816327,0.051210571,High
Caseys Gen. Store 222,502 N Main St,28,2.08,2.120970874,0.071927449,High
Caseys Gen. Store 222,502 N Main St,29,2.13,2.067272727,0.082780977,High
Caseys Gen. Store 222,502 N Main St,30,2,2.132427184,0.114055938,High
Caseys Gen. Store 222,502 N Main St,31,2.2,2.198024691,0.049356351,High
Caseys Gen. Store 222,502 N Main St,32,2.17,2.262788462,0.19092751,High
Caseys Gen. Store 222,502 N Main St,33,2.4,2.328241758,0.08020243,High
Caseys Gen. Store 222,502 N Main St,34,2.28,2.284326923,0.056099157,High
Caseys Gen. Store 222,502 N Main St,35,2.32,2.391445783,0.078088951,High
Caseys Gen. Store 222,502 N Main St,37,2.55,2.541935484,0.124867391,High
Caseys Gen. Store 222,502 N Main St,38,2.49,2.4240625,0.121789967,High
Caseys Gen. Store 222,502 N Main St,39,2.38,2.398737864,0.104381273,High
Caseys Gen. Store 222,502 N Main St,41,2.34,2.369791667,0.059453284,High
Caseys Gen. Store 222,502 N Main St,42,2.3,2.344356436,0.110547871,High
Caseys Gen. Store 222,502 N Main St,44,2.7,2.586727273,0.138166959,High
Caseys Gen. Store 222,502 N Main St,46,2.7,2.640891089,0.042687211,High
Caseys Gen. Store 222,502 N Main St,47,2.5,2.519753086,0.082461738,High
Caseys Gen. Store 222,502 N Main St,48,2.47,2.464803922,0.085094361,High
Caseys Gen. Store 222,502 N Main St,50,2.33,2.351440678,0.089081499,High
Caseys Gen. Store 222,502 N Main St,52,2.46,2.470526316,0.064325529,High
Caseys Gen. Store 250,703 E Howard St,5,2.05,2.169454545,0.065718839,Average
Caseys Gen. Store 255,501 N Long St,27,2.1,2.145816327,0.051210571,High
Caseys Gen. Store 255,501 N Long St,31,2.08,2.198024691,0.049356351,High
Caseys Gen. Store 255,501 N Long St,47,2.36,2.519753086,0.082461738,High
Caseys Gen. Store 292,207 S Center St,24,2.19,2.134955752,0.144902208,High
Caseys Gen. Store 292,805 S Sangamon Ave,16,2.3,2.288518519,0.163099733,High
Caseys Gen. Store 293,1301 S Main St,38,2.1,2.4240625,0.121789967,High
Caseys Gen. Store 293,3001 E Clear Lake Ave,19,2.24,2.265164835,0.085872808,High
Caseys Gen. Store 293,3001 E Clear Lake Ave,21,2.08,2.25754902,0.127663204,High
Caseys Gen. Store 293,3001 E Clear Lake Ave,38,2.23,2.4240625,0.121789967,High
Caseys Gen. Store 293,3001 E Clear Lake Ave,40,2.37,2.419807692,0.071080165,High
Caseys Gen. Store 323,2100 E University Ave,1,2.37,2.433513514,0.108608125,Average
Caseys Gen. Store 323,2100 E University Ave,2,2.473333333,2.479344262,0.056198257,Average
Caseys Gen. Store 323,2100 E University Ave,3,2.4,2.400842105,0.142004369,Average
Caseys Gen. Store 323,2100 E University Ave,4,2.329,2.236203704,0.088715839,Average
Caseys Gen. Store 323,2100 E University Ave,5,2.15,2.169454545,0.065718839,Average
Caseys Gen. Store 323,2100 E University Ave,6,2.222,2.114,0.06391221,Average
Caseys Gen. Store 323,2100 E University Ave,7,2.3,2.256153846,0.083320736,High
Caseys Gen. Store 323,2100 E University Ave,8,2.4,2.278265306,0.083764834,High
Caseys Gen. Store 323,2100 E University Ave,9,2.3125,2.332056075,0.071437244,High
Caseys Gen. Store 323,2100 E University Ave,11,2.173333333,2.197592593,0.165200928,High
Caseys Gen. Store 323,2100 E University Ave,12,2.3,2.353861386,0.056920476,High
Caseys Gen. Store 323,2100 E University Ave,13,2.27,2.281521739,0.067187368,High
Caseys Gen. Store 323,2100 E University Ave,14,2.358333333,2.348469388,0.164243671,High
Caseys Gen. Store 323,2100 E University Ave,15,2.41,2.349605263,0.080157192,High
Caseys Gen. Store 323,2100 E University Ave,16,2.233333333,2.288518519,0.163099733,High
Caseys Gen. Store 323,2100 E University Ave,17,2.216,2.210505051,0.074290848,High
Caseys Gen. Store 323,2100 E University Ave,18,2.12,2.130454545,0.059343324,High
Caseys Gen. Store 323,2100 E University Ave,19,2.18,2.265164835,0.085872808,High
Caseys Gen. Store 323,2100 E University Ave,20,2.3,2.2975,0.098990787,High
Caseys Gen. Store 323,2100 E University Ave,21,2.226666667,2.25754902,0.127663204,High
Caseys Gen. Store 323,2100 E University Ave,22,2.2,2.209885057,0.043894542,High
Caseys Gen. Store 323,2100 E University Ave,23,2.193333333,2.186530612,0.101026709,High
Caseys Gen. Store 323,2100 E University Ave,24,2.108333333,2.134955752,0.144902208,High
Caseys Gen. Store 323,2100 E University Ave,25,2.046666667,2.05311828,0.038701154,High
Caseys Gen. Store 323,2100 E University Ave,26,2.01,2.099270833,0.102569563,High
Caseys Gen. Store 323,2100 E University Ave,27,2.151111111,2.145816327,0.051210571,High
Caseys Gen. Store 323,2100 E University Ave,28,2.137142857,2.120970874,0.071927449,High
Caseys Gen. Store 323,2100 E University Ave,29,2.04,2.067272727,0.082780977,High
Caseys Gen. Store 323,2100 E University Ave,30,2.04,2.132427184,0.114055938,High
Caseys Gen. Store 323,2100 E University Ave,31,2.24,2.198024691,0.049356351,High
Caseys Gen. Store 323,2100 E University Ave,32,2.225,2.262788462,0.19092751,High
Caseys Gen. Store 323,2100 E University Ave,33,2.42,2.328241758,0.08020243,High
Caseys Gen. Store 323,2100 E University Ave,34,2.32,2.284326923,0.056099157,High
Caseys Gen. Store 323,2100 E University Ave,35,2.365,2.391445783,0.078088951,High
Caseys Gen. Store 323,2100 E University Ave,36,2.511428571,2.534886364,0.095158601,High
Caseys Gen. Store 323,2100 E University Ave,37,2.514,2.541935484,0.124867391,High
Caseys Gen. Store 323,2100 E University Ave,38,2.446666667,2.4240625,0.121789967,High
Caseys Gen. Store 323,2100 E University Ave,39,2.414285714,2.398737864,0.104381273,High
Caseys Gen. Store 323,2100 E University Ave,40,2.37,2.419807692,0.071080165,High
Caseys Gen. Store 323,2100 E University Ave,41,2.37,2.369791667,0.059453284,High
Caseys Gen. Store 323,2100 E University Ave,42,2.3,2.344356436,0.110547871,High
Caseys Gen. Store 323,2100 E University Ave,43,2.42,2.445714286,0.12409563,High
Caseys Gen. Store 323,2100 E University Ave,44,2.4725,2.586727273,0.138166959,High
Caseys Gen. Store 323,2100 E University Ave,45,2.685,2.689897959,0.044199522,High
Caseys Gen. Store 323,2100 E University Ave,46,2.652,2.640891089,0.042687211,High
Caseys Gen. Store 323,2100 E University Ave,47,2.535,2.519753086,0.082461738,High
Caseys Gen. Store 323,2100 E University Ave,48,2.468,2.464803922,0.085094361,High
Caseys Gen. Store 323,2100 E University Ave,49,2.4,2.394035088,0.021686393,High
Caseys Gen. Store 323,2100 E University Ave,50,2.332,2.351440678,0.089081499,High
Caseys Gen. Store 323,2100 E University Ave,51,2.396666667,2.410736842,0.144864148,High
Caseys Gen. Store 323,2100 E University Ave,52,2.465,2.470526316,0.064325529,High
Caseys Gen. Store 341,721 W Stanford Ave,30,2.09,2.132427184,0.114055938,High
Caseys Gen. Store 343,800 E Clinton Ave,15,2.4,2.349605263,0.080157192,High
Caseys Le Roy,417 S Chestnut St,38,2.09,2.4240625,0.121789967,High
Circle K # 01299,401 W Main St,11,2.24,2.197592593,0.165200928,High
Circle K # 01299,401 W Main St,45,2.69,2.689897959,0.044199522,High
Circle K # 01301,2011 N Lincoln Ave,1,2.39,2.433513514,0.108608125,Average
Circle K # 01301,2011 N Lincoln Ave,2,2.49,2.479344262,0.056198257,Average
Circle K # 01301,2011 N Lincoln Ave,3,2.365,2.400842105,0.142004369,Average
Circle K # 01301,2011 N Lincoln Ave,4,2.16,2.236203704,0.088715839,Average
Circle K # 01301,2011 N Lincoln Ave,5,2.18,2.169454545,0.065718839,Average
Circle K # 01301,2011 N Lincoln Ave,7,2.29,2.256153846,0.083320736,High
Circle K # 01301,2011 N Lincoln Ave,8,2.275,2.278265306,0.083764834,High
Circle K # 01301,2011 N Lincoln Ave,9,2.366666667,2.332056075,0.071437244,High
Circle K # 01301,2011 N Lincoln Ave,11,1.95,2.197592593,0.165200928,High
Circle K # 01301,2011 N Lincoln Ave,12,2.41,2.353861386,0.056920476,High
Circle K # 01301,2011 N Lincoln Ave,14,2.24,2.348469388,0.164243671,High
Circle K # 01301,2011 N Lincoln Ave,15,2.445,2.349605263,0.080157192,High
Circle K # 01301,2011 N Lincoln Ave,16,2.25,2.288518519,0.163099733,High
Circle K # 01301,2011 N Lincoln Ave,17,2.188,2.210505051,0.074290848,High
Circle K # 01301,2011 N Lincoln Ave,18,2.12,2.130454545,0.059343324,High
Circle K # 01301,2011 N Lincoln Ave,19,2.316666667,2.265164835,0.085872808,High
Circle K # 01301,2011 N Lincoln Ave,20,2.283333333,2.2975,0.098990787,High
Circle K # 01301,2011 N Lincoln Ave,21,2.275,2.25754902,0.127663204,High
Circle K # 01301,2011 N Lincoln Ave,22,2.22,2.209885057,0.043894542,High
Circle K # 01301,2011 N Lincoln Ave,23,2.17,2.186530612,0.101026709,High
Circle K # 01301,2011 N Lincoln Ave,24,2.08,2.134955752,0.144902208,High
Circle K # 01301,2011 N Lincoln Ave,25,2.06,2.05311828,0.038701154,High
Circle K # 01301,2011 N Lincoln Ave,26,2.075,2.099270833,0.102569563,High
Circle K # 01301,2011 N Lincoln Ave,27,2.11,2.145816327,0.051210571,High
Circle K # 01301,2011 N Lincoln Ave,28,2.093333333,2.120970874,0.071927449,High
Circle K # 01301,2011 N Lincoln Ave,29,2.04,2.067272727,0.082780977,High
Circle K # 01301,2011 N Lincoln Ave,30,2,2.132427184,0.114055938,High
Circle K # 01301,2011 N Lincoln Ave,31,2.2,2.198024691,0.049356351,High
Circle K # 01301,2011 N Lincoln Ave,32,2.4,2.262788462,0.19092751,High
Circle K # 01301,2011 N Lincoln Ave,33,2.25,2.328241758,0.08020243,High
Circle K # 01301,2011 N Lincoln Ave,35,2.39,2.391445783,0.078088951,High
Circle K # 01301,2011 N Lincoln Ave,36,2.57,2.534886364,0.095158601,High
Circle K # 01301,2011 N Lincoln Ave,37,2.51,2.541935484,0.124867391,High
Circle K # 01301,2011 N Lincoln Ave,38,2.423333333,2.4240625,0.121789967,High
Circle K # 01301,2011 N Lincoln Ave,39,2.4,2.398737864,0.104381273,High
Circle K # 01301,2011 N Lincoln Ave,40,2.435,2.419807692,0.071080165,High
Circle K # 01301,2011 N Lincoln Ave,42,2.363333333,2.344356436,0.110547871,High
Circle K # 01301,2011 N Lincoln Ave,43,2.5825,2.445714286,0.12409563,High
Circle K # 01301,2011 N Lincoln Ave,44,2.526666667,2.586727273,0.138166959,High
Circle K # 01301,2011 N Lincoln Ave,45,2.685,2.689897959,0.044199522,High
Circle K # 01301,2011 N Lincoln Ave,46,2.605,2.640891089,0.042687211,High
Circle K # 01301,2011 N Lincoln Ave,47,2.5,2.519753086,0.082461738,High
Circle K # 01301,2011 N Lincoln Ave,48,2.416666667,2.464803922,0.085094361,High
Circle K # 01301,2011 N Lincoln Ave,49,2.38,2.394035088,0.021686393,High
Circle K # 01301,2011 N Lincoln Ave,50,2.34,2.351440678,0.089081499,High
Circle K # 01301,2011 N Lincoln Ave,51,2.4375,2.410736842,0.144864148,High
Circle K # 01301,2011 N Lincoln Ave,52,3.06,2.470526316,0.064325529,High
Circle K # 1619,6211 Delmar Blvd,38,2.18,2.4240625,0.121789967,High
Circle K # 1622,1545 S New Florissant Rd,5,2.3,2.169454545,0.065718839,Average
Circle K # 27,13340 N US Highway 31,12,2.1,2.353861386,0.056920476,High
Circle K #1399,1601 W Springfield Ave,1,2.5,2.433513514,0.108608125,Average
Circle K #1399,1601 W Springfield Ave,12,2.3,2.353861386,0.056920476,High
Circle K #1399,1601 W Springfield Ave,49,2.4,2.394035088,0.021686393,High
Circle K #1400,407A N Dunlap Ave,2,2.4,2.479344262,0.056198257,Average
Circle K #1400,407A N Dunlap Ave,4,2.13,2.236203704,0.088715839,Average
Circle K #1400,407A N Dunlap Ave,8,2.14,2.278265306,0.083764834,High
Circle K #1400,407A N Dunlap Ave,9,2.22,2.332056075,0.071437244,High
Circle K #1400,407A N Dunlap Ave,10,2.16,2.253245614,0.127525778,High
Circle K #1400,407A N Dunlap Ave,11,2.05,2.197592593,0.165200928,High
Circle K #1400,407A N Dunlap Ave,13,2.27,2.281521739,0.067187368,High
Circle K #1400,407A N Dunlap Ave,14,2.5,2.348469388,0.164243671,High
Circle K #1400,407A N Dunlap Ave,15,2.25,2.349605263,0.080157192,High
Circle K #1400,407A N Dunlap Ave,16,2.4,2.288518519,0.163099733,High
Circle K #1400,407A N Dunlap Ave,17,2.2,2.210505051,0.074290848,High
Circle K #1400,407A N Dunlap Ave,18,2.03,2.130454545,0.059343324,High
Circle K #1400,407A N Dunlap Ave,19,2.2,2.265164835,0.085872808,High
Circle K #1400,407A N Dunlap Ave,20,2.15,2.2975,0.098990787,High
Circle K #1400,407A N Dunlap Ave,22,2.15,2.209885057,0.043894542,High
Circle K #1400,407A N Dunlap Ave,23,2.07,2.186530612,0.101026709,High
Circle K #1400,407A N Dunlap Ave,24,2.045,2.134955752,0.144902208,High
Circle K #1400,407A N Dunlap Ave,26,2.175,2.099270833,0.102569563,High
Circle K #1400,407A N Dunlap Ave,27,2.06,2.145816327,0.051210571,High
Circle K #1400,407A N Dunlap Ave,28,2.19,2.120970874,0.071927449,High
Circle K #1400,407A N Dunlap Ave,29,2.096,2.067272727,0.082780977,High
Circle K #1400,407A N Dunlap Ave,30,2.064,2.132427184,0.114055938,High
Circle K #1400,407A N Dunlap Ave,32,2,2.262788462,0.19092751,High
Circle K #1400,407A N Dunlap Ave,33,2.19,2.328241758,0.08020243,High
Circle K #1400,407A N Dunlap Ave,35,2.375,2.391445783,0.078088951,High
Circle K #1400,407A N Dunlap Ave,36,2.513333333,2.534886364,0.095158601,High
Circle K #1400,407A N Dunlap Ave,37,2.496666667,2.541935484,0.124867391,High
Circle K #1400,407A N Dunlap Ave,38,2.2875,2.4240625,0.121789967,High
Circle K #1400,407A N Dunlap Ave,39,2.22,2.398737864,0.104381273,High
Circle K #1400,407A N Dunlap Ave,40,2.37,2.419807692,0.071080165,High
Circle K #1400,407A N Dunlap Ave,41,2.34,2.369791667,0.059453284,High
Circle K #1400,407A N Dunlap Ave,42,2.4,2.344356436,0.110547871,High
Circle K #1400,407A N Dunlap Ave,43,2.486666667,2.445714286,0.12409563,High
Circle K #1400,407A N Dunlap Ave,44,2.696666667,2.586727273,0.138166959,High
Circle K #1400,407A N Dunlap Ave,45,2.66,2.689897959,0.044199522,High
Circle K #1400,407A N Dunlap Ave,46,2.52,2.640891089,0.042687211,High
Circle K #1400,407A N Dunlap Ave,47,2.38,2.519753086,0.082461738,High
Circle K #1400,407A N Dunlap Ave,48,2.3,2.464803922,0.085094361,High
Circle K #1400,407A N Dunlap Ave,49,2.365,2.394035088,0.021686393,High
Circle K #1400,407A N Dunlap Ave,50,2.33,2.351440678,0.089081499,High
Circle K #1400,407A N Dunlap Ave,51,2.5,2.410736842,0.144864148,High
Circle K #1400,407A N Dunlap Ave,52,2.49,2.470526316,0.064325529,High
Circle K #1401,602 E Oak St,2,2.49,2.479344262,0.056198257,Average
Circle K #1401,602 E Oak St,4,2.15,2.236203704,0.088715839,Average
Circle K #1401,602 E Oak St,5,2.07,2.169454545,0.065718839,Average
Circle K #1401,602 E Oak St,6,2.03,2.114,0.06391221,Average
Circle K #1401,602 E Oak St,7,2.02,2.256153846,0.083320736,High
Circle K #1401,602 E Oak St,10,2.175,2.253245614,0.127525778,High
Circle K #1401,602 E Oak St,13,2.16,2.281521739,0.067187368,High
Circle K #1401,602 E Oak St,14,2.24,2.348469388,0.164243671,High
Circle K #1401,602 E Oak St,15,2.225,2.349605263,0.080157192,High
Circle K #1401,602 E Oak St,16,2.25,2.288518519,0.163099733,High
Circle K #1401,602 E Oak St,17,2.3,2.210505051,0.074290848,High
Circle K #1401,602 E Oak St,18,2.17,2.130454545,0.059343324,High
Circle K #1401,602 E Oak St,21,2.2,2.25754902,0.127663204,High
Circle K #1401,602 E Oak St,23,2.105,2.186530612,0.101026709,High
Circle K #1401,602 E Oak St,30,1.92,2.132427184,0.114055938,High
Circle K #1401,602 E Oak St,34,2.105,2.284326923,0.056099157,High
Circle K #1401,602 E Oak St,35,2.42,2.391445783,0.078088951,High
Circle K #1401,602 E Oak St,40,2.25,2.419807692,0.071080165,High
Circle K #1401,602 E Oak St,41,2.36,2.369791667,0.059453284,High
Circle K #1401,602 E Oak St,42,2.4,2.344356436,0.110547871,High
Circle K #1401,602 E Oak St,43,2.49,2.445714286,0.12409563,High
Circle K #1401,602 E Oak St,45,2.69,2.689897959,0.044199522,High
Circle K #1401,602 E Oak St,50,2.34,2.351440678,0.089081499,High
Circle K #1403,59 E Green St,5,2.22,2.169454545,0.065718839,Average
Circle K #1406,1503 N Neil St,7,2.29,2.256153846,0.083320736,High
Circle K #1406,1503 N Neil St,40,2.5,2.419807692,0.071080165,High
Circle K #1407,2412 S Main St,24,2.3,2.134955752,0.144902208,High
Circle K #1413,507 W University Ave,1,2.454375,2.433513514,0.108608125,Average
Circle K #1413,507 W University Ave,2,2.477857143,2.479344262,0.056198257,Average
Circle K #1413,507 W University Ave,3,2.389090909,2.400842105,0.142004369,Average
Circle K #1413,507 W University Ave,4,2.187368421,2.236203704,0.088715839,Average
Circle K #1413,507 W University Ave,5,2.2016,2.169454545,0.065718839,Average
Circle K #1413,507 W University Ave,6,2.130526316,2.114,0.06391221,Average
Circle K #1413,507 W University Ave,7,2.29,2.256153846,0.083320736,High
Circle K #1413,507 W University Ave,8,2.327333333,2.278265306,0.083764834,High
Circle K #1413,507 W University Ave,9,2.338666667,2.332056075,0.071437244,High
Circle K #1413,507 W University Ave,10,2.2376,2.253245614,0.127525778,High
Circle K #1413,507 W University Ave,11,2.216190476,2.197592593,0.165200928,High
Circle K #1413,507 W University Ave,12,2.384705882,2.353861386,0.056920476,High
Circle K #1413,507 W University Ave,13,2.255652174,2.281521739,0.067187368,High
Circle K #1413,507 W University Ave,14,2.354666667,2.348469388,0.164243671,High
Circle K #1413,507 W University Ave,15,2.283076923,2.349605263,0.080157192,High
Circle K #1413,507 W University Ave,16,2.2725,2.288518519,0.163099733,High
Circle K #1413,507 W University Ave,17,2.1625,2.210505051,0.074290848,High
Circle K #1413,507 W University Ave,18,2.1,2.130454545,0.059343324,High
Circle K #1413,507 W University Ave,19,2.252727273,2.265164835,0.085872808,High
Circle K #1413,507 W University Ave,20,2.3,2.2975,0.098990787,High
Circle K #1413,507 W University Ave,21,2.265,2.25754902,0.127663204,High
Circle K #1413,507 W University Ave,22,2.189090909,2.209885057,0.043894542,High
Circle K #1413,507 W University Ave,23,2.161,2.186530612,0.101026709,High
Circle K #1413,507 W University Ave,24,2.091304348,2.134955752,0.144902208,High
Circle K #1413,507 W University Ave,25,2.03375,2.05311828,0.038701154,High
Circle K #1413,507 W University Ave,26,2.0984,2.099270833,0.102569563,High
Circle K #1413,507 W University Ave,27,2.127,2.145816327,0.051210571,High
Circle K #1413,507 W University Ave,28,2.10625,2.120970874,0.071927449,High
Circle K #1413,507 W University Ave,29,2.025,2.067272727,0.082780977,High
Circle K #1413,507 W University Ave,30,2.160952381,2.132427184,0.114055938,High
Circle K #1413,507 W University Ave,31,2.196,2.198024691,0.049356351,High
Circle K #1413,507 W University Ave,32,2.212222222,2.262788462,0.19092751,High
Circle K #1413,507 W University Ave,33,2.25,2.328241758,0.08020243,High
Circle K #1413,507 W University Ave,34,2.281304348,2.284326923,0.056099157,High
Circle K #1413,507 W University Ave,35,2.375909091,2.391445783,0.078088951,High
Circle K #1413,507 W University Ave,36,2.555625,2.534886364,0.095158601,High
Circle K #1413,507 W University Ave,37,2.533043478,2.541935484,0.124867391,High
Circle K #1413,507 W University Ave,38,2.4405,2.4240625,0.121789967,High
Circle K #1413,507 W University Ave,39,2.41,2.398737864,0.104381273,High
Circle K #1413,507 W University Ave,40,2.411176471,2.419807692,0.071080165,High
Circle K #1413,507 W University Ave,41,2.378333333,2.369791667,0.059453284,High
Circle K #1413,507 W University Ave,42,2.318695652,2.344356436,0.110547871,High
Circle K #1413,507 W University Ave,43,2.427368421,2.445714286,0.12409563,High
Circle K #1413,507 W University Ave,44,2.630714286,2.586727273,0.138166959,High
Circle K #1413,507 W University Ave,45,2.681818182,2.689897959,0.044199522,High
Circle K #1413,507 W University Ave,46,2.643461538,2.640891089,0.042687211,High
Circle K #1413,507 W University Ave,47,2.516551724,2.519753086,0.082461738,High
Circle K #1413,507 W University Ave,48,2.455517241,2.464803922,0.085094361,High
Circle K #1413,507 W University Ave,49,2.385454545,2.394035088,0.021686393,High
Circle K #1413,507 W University Ave,50,2.348709677,2.351440678,0.089081499,High
Circle K #1413,507 W University Ave,51,2.4064,2.410736842,0.144864148,High
Circle K #1413,507 W University Ave,52,2.45125,2.470526316,0.064325529,High
Circle K #1430,1295 E Grove Ave,44,2.7,2.586727273,0.138166959,High
Circle K #1431,802 Iron Horse Pl,20,2.28,2.2975,0.098990787,High
Circle K #1431,802 Iron Horse Pl,23,2.26,2.186530612,0.101026709,High
Circle K #1432,506 S Prairie View Rd R,9,2.32,2.332056075,0.071437244,High
Circle K #1432,506 S Prairie View Rd R,16,2.15,2.288518519,0.163099733,High
Circle K #1432,506 S Prairie View Rd R,32,2.04,2.262788462,0.19092751,High
Circle K #1434,810 W Green St,1,2.437857143,2.433513514,0.108608125,Average
Circle K #1434,810 W Green St,2,2.466190476,2.479344262,0.056198257,Average
Circle K #1434,810 W Green St,3,2.384666667,2.400842105,0.142004369,Average
Circle K #1434,810 W Green St,4,2.207142857,2.236203704,0.088715839,Average
Circle K #1434,810 W Green St,5,2.194375,2.169454545,0.065718839,Average
Circle K #1434,810 W Green St,6,2.12,2.114,0.06391221,Average
Circle K #1434,810 W Green St,7,2.26,2.256153846,0.083320736,High
Circle K #1434,810 W Green St,8,2.280714286,2.278265306,0.083764834,High
Circle K #1434,810 W Green St,9,2.346,2.332056075,0.071437244,High
Circle K #1434,810 W Green St,10,2.21,2.253245614,0.127525778,High
Circle K #1434,810 W Green St,11,2.169230769,2.197592593,0.165200928,High
Circle K #1434,810 W Green St,12,2.373888889,2.353861386,0.056920476,High
Circle K #1434,810 W Green St,13,2.2525,2.281521739,0.067187368,High
Circle K #1434,810 W Green St,14,2.338666667,2.348469388,0.164243671,High
Circle K #1434,810 W Green St,15,2.336,2.349605263,0.080157192,High
Circle K #1434,810 W Green St,16,2.148888889,2.288518519,0.163099733,High
Circle K #1434,810 W Green St,17,2.159090909,2.210505051,0.074290848,High
Circle K #1434,810 W Green St,18,2.065555556,2.130454545,0.059343324,High
Circle K #1434,810 W Green St,19,2.308,2.265164835,0.085872808,High
Circle K #1434,810 W Green St,20,2.246,2.2975,0.098990787,High
Circle K #1434,810 W Green St,21,2.22,2.25754902,0.127663204,High
Circle K #1434,810 W Green St,22,2.217142857,2.209885057,0.043894542,High
Circle K #1434,810 W Green St,23,2.164545455,2.186530612,0.101026709,High
Circle K #1434,810 W Green St,24,2.074,2.134955752,0.144902208,High
Circle K #1434,810 W Green St,25,2.045,2.05311828,0.038701154,High
Circle K #1434,810 W Green St,26,2,2.099270833,0.102569563,High
Circle K #1434,810 W Green St,27,2.121428571,2.145816327,0.051210571,High
Circle K #1434,810 W Green St,28,2.107272727,2.120970874,0.071927449,High
Circle K #1434,810 W Green St,29,1.992307692,2.067272727,0.082780977,High
Circle K #1434,810 W Green St,30,2.136666667,2.132427184,0.114055938,High
Circle K #1434,810 W Green St,31,2.16125,2.198024691,0.049356351,High
Circle K #1434,810 W Green St,32,2.195833333,2.262788462,0.19092751,High
Circle K #1434,810 W Green St,33,2.321818182,2.328241758,0.08020243,High
Circle K #1434,810 W Green St,34,2.257142857,2.284326923,0.056099157,High
Circle K #1434,810 W Green St,35,2.39,2.391445783,0.078088951,High
Circle K #1434,810 W Green St,36,2.531111111,2.534886364,0.095158601,High
Circle K #1434,810 W Green St,37,2.529285714,2.541935484,0.124867391,High
Circle K #1434,810 W Green St,38,2.392,2.4240625,0.121789967,High
Circle K #1434,810 W Green St,39,2.387272727,2.398737864,0.104381273,High
Circle K #1434,810 W Green St,40,2.42,2.419807692,0.071080165,High
Circle K #1434,810 W Green St,41,2.326666667,2.369791667,0.059453284,High
Circle K #1434,810 W Green St,42,2.336,2.344356436,0.110547871,High
Circle K #1434,810 W Green St,43,2.483333333,2.445714286,0.12409563,High
Circle K #1434,810 W Green St,44,2.477142857,2.586727273,0.138166959,High
Circle K #1434,810 W Green St,45,2.69,2.689897959,0.044199522,High
Circle K #1434,810 W Green St,46,2.655,2.640891089,0.042687211,High
Circle K #1434,810 W Green St,47,2.53,2.519753086,0.082461738,High
Circle K #1434,810 W Green St,48,2.408333333,2.464803922,0.085094361,High
Circle K #1434,810 W Green St,49,2.367142857,2.394035088,0.021686393,High
Circle K #1434,810 W Green St,50,2.34,2.351440678,0.089081499,High
Circle K #1434,810 W Green St,51,2.458333333,2.410736842,0.144864148,High
Circle K #1434,810 W Green St,52,2.451428571,2.470526316,0.064325529,High
Circle K #1435,212 N Sycamore St,6,2.14,2.114,0.06391221,Average
Circle K #1435,212 N Sycamore St,29,1.92,2.067272727,0.082780977,High
Circle K #1438,3604 N Mattis Ave,4,2.195,2.236203704,0.088715839,Average
Circle K #1438,3604 N Mattis Ave,6,2,2.114,0.06391221,Average
Circle K #1438,3604 N Mattis Ave,10,2.2,2.253245614,0.127525778,High
Circle K #1438,3604 N Mattis Ave,20,2.25,2.2975,0.098990787,High
Circle K #1438,3604 N Mattis Ave,22,2.13,2.209885057,0.043894542,High
Circle K #1438,3604 N Mattis Ave,29,2.08,2.067272727,0.082780977,High
Circle K #1438,3604 N Mattis Ave,41,2.36,2.369791667,0.059453284,High
Circle K #1438,3604 N Mattis Ave,42,2.34,2.344356436,0.110547871,High
Circle K #1438,3604 N Mattis Ave,44,2.7,2.586727273,0.138166959,High
Circle K #1442,1511 N Prospect Ave,22,2.18,2.209885057,0.043894542,High
Circle K #1442,1511 N Prospect Ave,26,2.2,2.099270833,0.102569563,High
Circle K #1442,1511 N Prospect Ave,32,1.98,2.262788462,0.19092751,High
Circle K #1442,1511 N Prospect Ave,40,2.46,2.419807692,0.071080165,High
Circle K #1442,1511 N Prospect Ave,48,2.49,2.464803922,0.085094361,High
Circle K #1443,4202 W Springfield Ave,2,2.48,2.479344262,0.056198257,Average
Circle K #1443,4202 W Springfield Ave,8,2.15,2.278265306,0.083764834,High
Circle K #1443,4202 W Springfield Ave,45,2.665,2.689897959,0.044199522,High
Circle K 1335,920 W Main St,37,2.4,2.541935484,0.124867391,High
CITGO 24 Wheaton,331 Rice Lake Sq,43,2.76,2.445714286,0.12409563,High
CITGO Minuteman,1458 Bloomingdale Rd,4,2.3,2.236203704,0.088715839,Average
Colonial 11,502 N Main St,42,2.28,2.344356436,0.110547871,High
Colonial 11,502 N Main St,43,2.425,2.445714286,0.12409563,High
Decatur Shell,355 N Wyckles Rd,32,2.4,2.262788462,0.19092751,High
Decatur Shell,355 N Wyckles Rd,41,2.4,2.369791667,0.059453284,High
Dharm Inc.,3712 N University St,29,2.22,2.067272727,0.082780977,High
Dharm Inc.,3712 N University St,30,2.302,2.132427184,0.114055938,High
Dharm Inc.,3712 N University St,33,2.313333333,2.328241758,0.08020243,High
Dharm Inc.,3712 N University St,34,2.34,2.284326923,0.056099157,High
Dharm Inc.,3712 N University St,37,2.492,2.541935484,0.124867391,High
Dharm Inc.,3712 N University St,38,2.32,2.4240625,0.121789967,High
Dharm Inc.,3712 N University St,40,2.48,2.419807692,0.071080165,High
Dharm Inc.,3712 N University St,41,2.42,2.369791667,0.059453284,High
Dharm Inc.,3712 N University St,44,2.626666667,2.586727273,0.138166959,High
Dharm Inc.,3712 N University St,45,2.7,2.689897959,0.044199522,High
Energy Co. One Stop 1,1400 S Jefferson Ave,27,1.98,2.145816327,0.051210571,High
Fred's Fuel & Food #,624 US Highway 24 W,11,2.1,2.197592593,0.165200928,High
Fred's Fuel & Food #,624 US Highway 24 W,39,2.3,2.398737864,0.104381273,High
Freedom Oil Co.,1812 N Cunningham Ave,3,2.34,2.400842105,0.142004369,Average
Freedom Oil Co.,1812 N Cunningham Ave,8,2.28,2.278265306,0.083764834,High
Freedom Oil Co.,1812 N Cunningham Ave,9,2.31,2.332056075,0.071437244,High
Freedom Oil Co.,1812 N Cunningham Ave,27,2.12,2.145816327,0.051210571,High
Freedom Oil Co.,1812 N Cunningham Ave,40,2.5,2.419807692,0.071080165,High
Freedom Oil Co.,1812 N Cunningham Ave,41,2.36,2.369791667,0.059453284,High
Freedom Oil Co.,1812 N Cunningham Ave,46,2.65,2.640891089,0.042687211,High
Freedom Oil Co.,1812 N Cunningham Ave,48,3.16,2.464803922,0.085094361,High
Freedom Oil Co.,1812 N Cunningham Ave,50,3.04,2.351440678,0.089081499,High
Fuel 24 1124,15725 US Highway 36,43,2.3,2.445714286,0.12409563,High
Fuel 24 1124,15725 US Highway 36,44,2.4325,2.586727273,0.138166959,High
Gas Mart 41,1089 S State Route 157,28,2.18,2.120970874,0.071927449,High
GPM Petroleum LLC,2900 South Grand Ave E,10,2.245,2.253245614,0.127525778,High
GPM Petroleum LLC,3801 6th Street Frontage Rd W,29,2.14,2.067272727,0.082780977,High
Greenfield Shell,1104 S Main St,15,2.4,2.349605263,0.080157192,High
Greenfield Shell,1104 S Main St,21,2.3,2.25754902,0.127663204,High
Greenfield Shell,1104 S Main St,39,2.4,2.398737864,0.104381273,High
Haymakers 715,202 Devonshire Dr,7,2.23,2.256153846,0.083320736,High
Haymakers 715,202 Devonshire Dr,8,2.2,2.278265306,0.083764834,High
Haymakers 715,202 Devonshire Dr,10,2.175,2.253245614,0.127525778,High
Haymakers 715,202 Devonshire Dr,11,2.15,2.197592593,0.165200928,High
Haymakers 715,202 Devonshire Dr,15,2.28,2.349605263,0.080157192,High
Haymakers 715,202 Devonshire Dr,16,2.4,2.288518519,0.163099733,High
Haymakers 715,202 Devonshire Dr,18,2.18,2.130454545,0.059343324,High
Haymakers 715,202 Devonshire Dr,19,2.23,2.265164835,0.085872808,High
Haymakers 715,202 Devonshire Dr,23,2.08,2.186530612,0.101026709,High
Haymakers 715,202 Devonshire Dr,27,2.14,2.145816327,0.051210571,High
Haymakers 715,202 Devonshire Dr,29,2.05,2.067272727,0.082780977,High
Haymakers 715,202 Devonshire Dr,36,2.36,2.534886364,0.095158601,High
Haymakers 715,202 Devonshire Dr,39,2.25,2.398737864,0.104381273,High
Haymakers 715,202 Devonshire Dr,40,2.36,2.419807692,0.071080165,High
Haymakers 715,202 Devonshire Dr,43,2.48,2.445714286,0.12409563,High
Haymakers 715,202 Devonshire Dr,46,2.55,2.640891089,0.042687211,High
Haymakers 715,202 Devonshire Dr,48,2.32,2.464803922,0.085094361,High
Haymakers 715,202 Devonshire Dr,51,2.26,2.410736842,0.144864148,High
Huck's 250,501 Madison Ave,6,2.05,2.114,0.06391221,Average
Hucks 353,101 S 45th St,33,2.2,2.328241758,0.08020243,High
Jack Flash Farmersvi,30239 W Frontage Rd,5,2.2,2.169454545,0.065718839,Average
Jiffi Stop 10,3300 E Clear Lake Ave,37,2.58,2.541935484,0.124867391,High
Lions Stop,3525 Newman Rd,28,1.88,2.120970874,0.071927449,High
Loves #367 Food,505 S Persimmon St,4,2.06,2.236203704,0.088715839,Average
Loves 9529,1004 W Walnut St,8,2.16,2.278265306,0.083764834,High
Loves Travel 5578,9191 State Route 140,23,2.2,2.186530612,0.101026709,High
Loves Travel Stops #,12 W Northbrook Dr,46,2.76,2.640891089,0.042687211,High
Mach. 1 4,701 Veterans Ave,27,2.15,2.145816327,0.051210571,High
Mach. 1 7,2911 S Banker St,40,2.26,2.419807692,0.071080165,High
Mach. 1 Food Shop,1333 N Kennedy Blvd,38,2.36,2.4240625,0.121789967,High
Mach. 1 Food Shop 19,902 W Bloomington Rd,22,2.18,2.209885057,0.043894542,High
Mach. 1 Food Shop 19,902 W Bloomington Rd,46,2.62,2.640891089,0.042687211,High
Mac's 1207,11 E Northbrook Dr,14,2.48,2.348469388,0.164243671,High
Mac's Convenienc Stor.,1501 N Lincoln Ave,3,2.39,2.400842105,0.142004369,Average
Mac's Convenienc Stor.,1501 N Lincoln Ave,4,2.24,2.236203704,0.088715839,Average
Mac's Convenienc Stor.,1501 N Lincoln Ave,7,2.28,2.256153846,0.083320736,High
Mac's Convenienc Stor.,1501 N Lincoln Ave,8,2.275,2.278265306,0.083764834,High
Mac's Convenienc Stor.,1501 N Lincoln Ave,9,2.36,2.332056075,0.071437244,High
Mac's Convenienc Stor.,1501 N Lincoln Ave,10,2.193333333,2.253245614,0.127525778,High
Mac's Convenienc Stor.,1501 N Lincoln Ave,11,1.96,2.197592593,0.165200928,High
Mac's Convenienc Stor.,1501 N Lincoln Ave,12,2.42,2.353861386,0.056920476,High
Mac's Convenienc Stor.,1501 N Lincoln Ave,13,2.2825,2.281521739,0.067187368,High
Mac's Convenienc Stor.,1501 N Lincoln Ave,15,2.35,2.349605263,0.080157192,High
Mac's Convenienc Stor.,1501 N Lincoln Ave,17,2.2,2.210505051,0.074290848,High
Mac's Convenienc Stor.,1501 N Lincoln Ave,18,2.12,2.130454545,0.059343324,High
Mac's Convenienc Stor.,1501 N Lincoln Ave,19,2.275,2.265164835,0.085872808,High
Mac's Convenienc Stor.,1501 N Lincoln Ave,20,2.34,2.2975,0.098990787,High
Mac's Convenienc Stor.,1501 N Lincoln Ave,21,2.22,2.25754902,0.127663204,High
Mac's Convenienc Stor.,1501 N Lincoln Ave,24,2.08,2.134955752,0.144902208,High
Mac's Convenienc Stor.,1501 N Lincoln Ave,25,2.06,2.05311828,0.038701154,High
Mac's Convenienc Stor.,1501 N Lincoln Ave,26,2.2,2.099270833,0.102569563,High
Mac's Convenienc Stor.,1501 N Lincoln Ave,28,2.04,2.120970874,0.071927449,High
Mac's Convenienc Stor.,1501 N Lincoln Ave,29,2,2.067272727,0.082780977,High
Mac's Convenienc Stor.,1501 N Lincoln Ave,30,2.253333333,2.132427184,0.114055938,High
Mac's Convenienc Stor.,1501 N Lincoln Ave,31,2.2,2.198024691,0.049356351,High
Mac's Convenienc Stor.,1501 N Lincoln Ave,32,2.2,2.262788462,0.19092751,High
Mac's Convenienc Stor.,1501 N Lincoln Ave,37,2.54,2.541935484,0.124867391,High
Mac's Convenienc Stor.,1501 N Lincoln Ave,41,2.36,2.369791667,0.059453284,High
Mac's Convenienc Stor.,1501 N Lincoln Ave,42,2.3,2.344356436,0.110547871,High
Mac's Convenienc Stor.,1501 N Lincoln Ave,43,2.5,2.445714286,0.12409563,High
Mac's Convenienc Stor.,1501 N Lincoln Ave,44,2.57,2.586727273,0.138166959,High
Mac's Convenienc Stor.,1501 N Lincoln Ave,45,2.69,2.689897959,0.044199522,High
Mac's Convenienc Stor.,1501 N Lincoln Ave,46,2.656666667,2.640891089,0.042687211,High
Mac's Convenienc Stor.,1501 N Lincoln Ave,47,3.14,2.519753086,0.082461738,High
Mac's Convenienc Stor.,1501 N Lincoln Ave,48,2.46,2.464803922,0.085094361,High
Mac's Convenienc Stor.,1501 N Lincoln Ave,51,2.5,2.410736842,0.144864148,High
Mac's Convenienc Stor.,1501 N Lincoln Ave,52,2.46,2.470526316,0.064325529,High
Mac's Convenienc Stor.,1809 N Cunningham Ave,1,2.426666667,2.433513514,0.108608125,Average
Mac's Convenienc Stor.,1809 N Cunningham Ave,2,2.496666667,2.479344262,0.056198257,Average
Mac's Convenienc Stor.,1809 N Cunningham Ave,3,2.378571429,2.400842105,0.142004369,Average
Mac's Convenienc Stor.,1809 N Cunningham Ave,4,2.263333333,2.236203704,0.088715839,Average
Mac's Convenienc Stor.,1809 N Cunningham Ave,5,2.163333333,2.169454545,0.065718839,Average
Mac's Convenienc Stor.,1809 N Cunningham Ave,6,2.132857143,2.114,0.06391221,Average
Mac's Convenienc Stor.,1809 N Cunningham Ave,7,2.229166667,2.256153846,0.083320736,High
Mac's Convenienc Stor.,1809 N Cunningham Ave,8,2.276666667,2.278265306,0.083764834,High
Mac's Convenienc Stor.,1809 N Cunningham Ave,9,2.26,2.332056075,0.071437244,High
Mac's Convenienc Stor.,1809 N Cunningham Ave,10,2.20625,2.253245614,0.127525778,High
Mac's Convenienc Stor.,1809 N Cunningham Ave,11,2.12,2.197592593,0.165200928,High
Mac's Convenienc Stor.,1809 N Cunningham Ave,12,2.4,2.353861386,0.056920476,High
Mac's Convenienc Stor.,1809 N Cunningham Ave,13,2.32,2.281521739,0.067187368,High
Mac's Convenienc Stor.,1809 N Cunningham Ave,14,2.308571429,2.348469388,0.164243671,High
Mac's Convenienc Stor.,1809 N Cunningham Ave,15,2.296,2.349605263,0.080157192,High
Mac's Convenienc Stor.,1809 N Cunningham Ave,16,2.303333333,2.288518519,0.163099733,High
Mac's Convenienc Stor.,1809 N Cunningham Ave,17,2.1875,2.210505051,0.074290848,High
Mac's Convenienc Stor.,1809 N Cunningham Ave,18,2.113333333,2.130454545,0.059343324,High
Mac's Convenienc Stor.,1809 N Cunningham Ave,19,2.225,2.265164835,0.085872808,High
Mac's Convenienc Stor.,1809 N Cunningham Ave,20,2.29,2.2975,0.098990787,High
Mac's Convenienc Stor.,1809 N Cunningham Ave,21,2.238571429,2.25754902,0.127663204,High
Mac's Convenienc Stor.,1809 N Cunningham Ave,22,2.2,2.209885057,0.043894542,High
Mac's Convenienc Stor.,1809 N Cunningham Ave,23,2.18,2.186530612,0.101026709,High
Mac's Convenienc Stor.,1809 N Cunningham Ave,24,2.097777778,2.134955752,0.144902208,High
Mac's Convenienc Stor.,1809 N Cunningham Ave,25,2.035555556,2.05311828,0.038701154,High
Mac's Convenienc Stor.,1809 N Cunningham Ave,26,2.135,2.099270833,0.102569563,High
Mac's Convenienc Stor.,1809 N Cunningham Ave,27,2.095,2.145816327,0.051210571,High
Mac's Convenienc Stor.,1809 N Cunningham Ave,28,2.126666667,2.120970874,0.071927449,High
Mac's Convenienc Stor.,1809 N Cunningham Ave,29,2.0225,2.067272727,0.082780977,High
Mac's Convenienc Stor.,1809 N Cunningham Ave,30,2.03,2.132427184,0.114055938,High
Mac's Convenienc Stor.,1809 N Cunningham Ave,31,2.2,2.198024691,0.049356351,High
Mac's Convenienc Stor.,1809 N Cunningham Ave,32,2.2,2.262788462,0.19092751,High
Mac's Convenienc Stor.,1809 N Cunningham Ave,33,2.345,2.328241758,0.08020243,High
Mac's Convenienc Stor.,1809 N Cunningham Ave,35,2.38,2.391445783,0.078088951,High
Mac's Convenienc Stor.,1809 N Cunningham Ave,36,2.6,2.534886364,0.095158601,High
Mac's Convenienc Stor.,1809 N Cunningham Ave,37,2.644,2.541935484,0.124867391,High
Mac's Convenienc Stor.,1809 N Cunningham Ave,38,2.44,2.4240625,0.121789967,High
Mac's Convenienc Stor.,1809 N Cunningham Ave,39,2.483333333,2.398737864,0.104381273,High
Mac's Convenienc Stor.,1809 N Cunningham Ave,40,2.435,2.419807692,0.071080165,High
Mac's Convenienc Stor.,1809 N Cunningham Ave,41,2.36,2.369791667,0.059453284,High
Mac's Convenienc Stor.,1809 N Cunningham Ave,42,2.368333333,2.344356436,0.110547871,High
Mac's Convenienc Stor.,1809 N Cunningham Ave,43,2.46,2.445714286,0.12409563,High
Mac's Convenienc Stor.,1809 N Cunningham Ave,44,2.66,2.586727273,0.138166959,High
Mac's Convenienc Stor.,1809 N Cunningham Ave,45,2.69,2.689897959,0.044199522,High
Mac's Convenienc Stor.,1809 N Cunningham Ave,46,2.64,2.640891089,0.042687211,High
Mac's Convenienc Stor.,1809 N Cunningham Ave,47,2.52,2.519753086,0.082461738,High
Mac's Convenienc Stor.,1809 N Cunningham Ave,48,2.46,2.464803922,0.085094361,High
Mac's Convenienc Stor.,1809 N Cunningham Ave,49,2.376666667,2.394035088,0.021686393,High
Mac's Convenienc Stor.,1809 N Cunningham Ave,50,2.34,2.351440678,0.089081499,High
Mac's Convenienc Stor.,1809 N Cunningham Ave,51,2.323333333,2.410736842,0.144864148,High
Mac's Convenienc Stor.,1809 N Cunningham Ave,52,2.456,2.470526316,0.064325529,High
Mac's Convenience Sto,100 Potomac Blvd,17,2.37,2.210505051,0.074290848,High
Mac's Convenience Sto,1101 N Prospect Ave,9,2.4,2.332056075,0.071437244,High
Mac's Convenience Sto,1101 N Prospect Ave,43,2.38,2.445714286,0.12409563,High
Mac's Convenience Sto,1301 S Neil St,13,2.22,2.281521739,0.067187368,High
Mac's Convenience Sto,1301 S Neil St,19,2.22,2.265164835,0.085872808,High
Mac's Convenience Sto,1301 S Neil St,23,2.14,2.186530612,0.101026709,High
Mac's Convenience Sto,1301 S Neil St,30,2.08,2.132427184,0.114055938,High
Mac's Convenience Sto,1301 S Neil St,47,2.34,2.519753086,0.082461738,High
Mac's Convenience Sto,1301 S Neil St,52,2.5,2.470526316,0.064325529,High
Mac's Convenience Sto,1315 Koester Dr,15,2.48,2.349605263,0.080157192,High
Mac's Convenience Sto,1605 N Cunningham Ave,1,2.435,2.433513514,0.108608125,Average
Mac's Convenience Sto,1605 N Cunningham Ave,2,2.46,2.479344262,0.056198257,Average
Mac's Convenience Sto,1605 N Cunningham Ave,3,2.39,2.400842105,0.142004369,Average
Mac's Convenience Sto,1605 N Cunningham Ave,5,2.2,2.169454545,0.065718839,Average
Mac's Convenience Sto,1605 N Cunningham Ave,6,2.146666667,2.114,0.06391221,Average
Mac's Convenience Sto,1605 N Cunningham Ave,7,2.28,2.256153846,0.083320736,High
Mac's Convenience Sto,1605 N Cunningham Ave,8,2.28,2.278265306,0.083764834,High
Mac's Convenience Sto,1605 N Cunningham Ave,9,2.23,2.332056075,0.071437244,High
Mac's Convenience Sto,1605 N Cunningham Ave,10,2.3,2.253245614,0.127525778,High
Mac's Convenience Sto,1605 N Cunningham Ave,12,2.4,2.353861386,0.056920476,High
Mac's Convenience Sto,1605 N Cunningham Ave,19,2.32,2.265164835,0.085872808,High
Mac's Convenience Sto,1605 N Cunningham Ave,20,2.28,2.2975,0.098990787,High
Mac's Convenience Sto,1605 N Cunningham Ave,23,2.13,2.186530612,0.101026709,High
Mac's Convenience Sto,1605 N Cunningham Ave,26,2.16,2.099270833,0.102569563,High
Mac's Convenience Sto,1605 N Cunningham Ave,29,2,2.067272727,0.082780977,High
Mac's Convenience Sto,1605 N Cunningham Ave,33,2.29,2.328241758,0.08020243,High
Mac's Convenience Sto,1605 N Cunningham Ave,34,2.24,2.284326923,0.056099157,High
Mac's Convenience Sto,1605 N Cunningham Ave,35,2.39,2.391445783,0.078088951,High
Mac's Convenience Sto,1605 N Cunningham Ave,38,2.45,2.4240625,0.121789967,High
Mac's Convenience Sto,1605 N Cunningham Ave,40,2.36,2.419807692,0.071080165,High
Mac's Convenience Sto,1605 N Cunningham Ave,41,2.36,2.369791667,0.059453284,High
Mac's Convenience Sto,1605 N Cunningham Ave,44,2.565,2.586727273,0.138166959,High
Mac's Convenience Sto,1605 N Cunningham Ave,45,2.69,2.689897959,0.044199522,High
Mac's Convenience Sto,1605 N Cunningham Ave,47,2.51,2.519753086,0.082461738,High
Mac's Convenience Sto,1605 N Cunningham Ave,48,2.4,2.464803922,0.085094361,High
Mac's Convenience Sto,1605 N Cunningham Ave,49,2.4,2.394035088,0.021686393,High
Mac's Convenience Sto,1605 N Cunningham Ave,50,2.32,2.351440678,0.089081499,High
Mac's Convenience Sto,1605 N Cunningham Ave,52,2.46,2.470526316,0.064325529,High
Mac's Convenience Sto,1622 Georgetown Rd,41,2.27,2.369791667,0.059453284,High
Mac's Convenience Sto,1713 W John St,27,2.16,2.145816327,0.051210571,High
Mac's Convenience Sto,205 W 1st Dr,8,2.18,2.278265306,0.083764834,High
Mac's Convenience Sto,2315 W Springfield Ave,17,2.3,2.210505051,0.074290848,High
Mac's Convenience Sto,2315 W Springfield Ave,24,2.09,2.134955752,0.144902208,High
Mac's Convenience Sto,2315 W Springfield Ave,25,2.05,2.05311828,0.038701154,High
Mac's Convenience Sto,2315 W Springfield Ave,37,2.44,2.541935484,0.124867391,High
Mac's Convenience Sto,609 E University Ave,1,2.39,2.433513514,0.108608125,Average
Mac's Convenience Sto,609 E University Ave,2,2.49,2.479344262,0.056198257,Average
Mac's Convenience Sto,609 E University Ave,8,2.28,2.278265306,0.083764834,High
Mac's Convenience Sto,609 E University Ave,11,1.98,2.197592593,0.165200928,High
Mac's Convenience Sto,609 E University Ave,12,2.4,2.353861386,0.056920476,High
Mac's Convenience Sto,609 E University Ave,31,2.19,2.198024691,0.049356351,High
Mac's Convenience Sto,609 E University Ave,32,2.19,2.262788462,0.19092751,High
Mac's Convenience Sto,609 E University Ave,49,2.39,2.394035088,0.021686393,High
Mac's Convenience Sto,809 W Green St,1,2.38,2.433513514,0.108608125,Average
Mac's Convenience Sto,809 W Green St,2,2.4825,2.479344262,0.056198257,Average
Mac's Convenience Sto,809 W Green St,3,2.365,2.400842105,0.142004369,Average
Mac's Convenience Sto,809 W Green St,4,2.15,2.236203704,0.088715839,Average
Mac's Convenience Sto,809 W Green St,6,2.07,2.114,0.06391221,Average
Mac's Convenience Sto,809 W Green St,7,2.04,2.256153846,0.083320736,High
Mac's Convenience Sto,809 W Green St,8,2.26,2.278265306,0.083764834,High
Mac's Convenience Sto,809 W Green St,9,2.32,2.332056075,0.071437244,High
Mac's Convenience Sto,809 W Green St,10,2.23,2.253245614,0.127525778,High
Mac's Convenience Sto,809 W Green St,11,2.112,2.197592593,0.165200928,High
Mac's Convenience Sto,809 W Green St,12,2.37,2.353861386,0.056920476,High
Mac's Convenience Sto,809 W Green St,13,2.3,2.281521739,0.067187368,High
Mac's Convenience Sto,809 W Green St,14,2.205,2.348469388,0.164243671,High
Mac's Convenience Sto,809 W Green St,15,2.353333333,2.349605263,0.080157192,High
Mac's Convenience Sto,809 W Green St,16,2.24,2.288518519,0.163099733,High
Mac's Convenience Sto,809 W Green St,17,2.14,2.210505051,0.074290848,High
Mac's Convenience Sto,809 W Green St,21,2.2,2.25754902,0.127663204,High
Mac's Convenience Sto,809 W Green St,22,2.27,2.209885057,0.043894542,High
Mac's Convenience Sto,809 W Green St,23,2.15,2.186530612,0.101026709,High
Mac's Convenience Sto,809 W Green St,24,2.115,2.134955752,0.144902208,High
Mac's Convenience Sto,809 W Green St,25,2.04,2.05311828,0.038701154,High
Mac's Convenience Sto,809 W Green St,26,2.15,2.099270833,0.102569563,High
Mac's Convenience Sto,809 W Green St,27,2.14,2.145816327,0.051210571,High
Mac's Convenience Sto,809 W Green St,28,2.088,2.120970874,0.071927449,High
Mac's Convenience Sto,809 W Green St,29,2.02,2.067272727,0.082780977,High
Mac's Convenience Sto,809 W Green St,30,2.2,2.132427184,0.114055938,High
Mac's Convenience Sto,809 W Green St,31,2.2,2.198024691,0.049356351,High
Mac's Convenience Sto,809 W Green St,32,2.19,2.262788462,0.19092751,High
Mac's Convenience Sto,809 W Green St,33,2.3,2.328241758,0.08020243,High
Mac's Convenience Sto,809 W Green St,34,2.26,2.284326923,0.056099157,High
Mac's Convenience Sto,809 W Green St,35,2.39,2.391445783,0.078088951,High
Mac's Convenience Sto,809 W Green St,36,2.48,2.534886364,0.095158601,High
Mac's Convenience Sto,809 W Green St,37,2.5,2.541935484,0.124867391,High
Mac's Convenience Sto,809 W Green St,38,2.4,2.4240625,0.121789967,High
Mac's Convenience Sto,809 W Green St,41,2.36,2.369791667,0.059453284,High
Mac's Convenience Sto,809 W Green St,42,2.32,2.344356436,0.110547871,High
Mac's Convenience Sto,809 W Green St,44,2.526666667,2.586727273,0.138166959,High
Mac's Convenience Sto,809 W Green St,45,2.685,2.689897959,0.044199522,High
Mac's Convenience Sto,809 W Green St,46,2.65,2.640891089,0.042687211,High
Mac's Convenience Sto,809 W Green St,47,2.523333333,2.519753086,0.082461738,High
Mac's Convenience Sto,809 W Green St,48,2.5,2.464803922,0.085094361,High
Mac's Convenience Sto,809 W Green St,49,2.39,2.394035088,0.021686393,High
Mac's Convenience Sto,809 W Green St,50,2.326666667,2.351440678,0.089081499,High
Mac's Convenience Sto,809 W Green St,52,2.44,2.470526316,0.064325529,High
Mansfield 66,502 N McKinley St,39,2.4,2.398737864,0.104381273,High
Mansfield 66,502 N McKinley St,41,2.48,2.369791667,0.059453284,High
Mansfield 66,502 N McKinley St,42,2.4,2.344356436,0.110547871,High
Mansfield 66,502 N McKinley St,44,2.7,2.586727273,0.138166959,High
Mansfield 66,502 N McKinley St,45,2.69,2.689897959,0.044199522,High
Meijer 146,2201 N Prspect Ave,28,2.12,2.120970874,0.071927449,High
Meijer 247,2500 Philo Rd,1,2.33,2.433513514,0.108608125,Average
Meijer 247,2500 Philo Rd,2,2.643333333,2.479344262,0.056198257,Average
Meijer 247,2500 Philo Rd,3,2.38,2.400842105,0.142004369,Average
Meijer 247,2500 Philo Rd,4,2.265714286,2.236203704,0.088715839,Average
Meijer 247,2500 Philo Rd,5,2.17,2.169454545,0.065718839,Average
Meijer 247,2500 Philo Rd,6,2.1325,2.114,0.06391221,Average
Meijer 247,2500 Philo Rd,7,2.237777778,2.256153846,0.083320736,High
Meijer 247,2500 Philo Rd,8,2.23,2.278265306,0.083764834,High
Meijer 247,2500 Philo Rd,9,2.335,2.332056075,0.071437244,High
Meijer 247,2500 Philo Rd,10,2.235,2.253245614,0.127525778,High
Meijer 247,2500 Philo Rd,11,2.172,2.197592593,0.165200928,High
Meijer 247,2500 Philo Rd,12,2.288333333,2.353861386,0.056920476,High
Meijer 247,2500 Philo Rd,13,2.243333333,2.281521739,0.067187368,High
Meijer 247,2500 Philo Rd,14,2.234,2.348469388,0.164243671,High
Meijer 247,2500 Philo Rd,15,2.356,2.349605263,0.080157192,High
Meijer 247,2500 Philo Rd,16,2.244,2.288518519,0.163099733,High
Meijer 247,2500 Philo Rd,17,2.17,2.210505051,0.074290848,High
Meijer 247,2500 Philo Rd,18,2.083333333,2.130454545,0.059343324,High
Meijer 247,2500 Philo Rd,19,2.203333333,2.265164835,0.085872808,High
Meijer 247,2500 Philo Rd,20,2.255,2.2975,0.098990787,High
Meijer 247,2500 Philo Rd,21,2.223333333,2.25754902,0.127663204,High
Meijer 247,2500 Philo Rd,22,2.176666667,2.209885057,0.043894542,High
Meijer 247,2500 Philo Rd,23,2.1525,2.186530612,0.101026709,High
Meijer 247,2500 Philo Rd,24,2.17,2.134955752,0.144902208,High
Meijer 247,2500 Philo Rd,25,2.04,2.05311828,0.038701154,High
Meijer 247,2500 Philo Rd,26,2.093333333,2.099270833,0.102569563,High
Meijer 247,2500 Philo Rd,27,2.14,2.145816327,0.051210571,High
Meijer 247,2500 Philo Rd,28,2.095555556,2.120970874,0.071927449,High
Meijer 247,2500 Philo Rd,29,2.012,2.067272727,0.082780977,High
Meijer 247,2500 Philo Rd,30,2.1425,2.132427184,0.114055938,High
Meijer 247,2500 Philo Rd,31,2.172,2.198024691,0.049356351,High
Meijer 247,2500 Philo Rd,32,2.2275,2.262788462,0.19092751,High
Meijer 247,2500 Philo Rd,33,2.304285714,2.328241758,0.08020243,High
Meijer 247,2500 Philo Rd,34,2.2725,2.284326923,0.056099157,High
Meijer 247,2500 Philo Rd,35,2.484,2.391445783,0.078088951,High
Meijer 247,2500 Philo Rd,36,2.48,2.534886364,0.095158601,High
Meijer 247,2500 Philo Rd,37,2.53,2.541935484,0.124867391,High
Meijer 247,2500 Philo Rd,38,2.431428571,2.4240625,0.121789967,High
Meijer 247,2500 Philo Rd,39,2.38,2.398737864,0.104381273,High
Meijer 247,2500 Philo Rd,40,2.438333333,2.419807692,0.071080165,High
Meijer 247,2500 Philo Rd,41,2.368333333,2.369791667,0.059453284,High
Meijer 247,2500 Philo Rd,42,2.331666667,2.344356436,0.110547871,High
Meijer 247,2500 Philo Rd,43,2.37,2.445714286,0.12409563,High
Meijer 247,2500 Philo Rd,44,2.575714286,2.586727273,0.138166959,High
Meijer 247,2500 Philo Rd,45,2.67,2.689897959,0.044199522,High
Meijer 247,2500 Philo Rd,46,2.622,2.640891089,0.042687211,High
Meijer 247,2500 Philo Rd,47,2.518333333,2.519753086,0.082461738,High
Meijer 247,2500 Philo Rd,48,2.472,2.464803922,0.085094361,High
Meijer 247,2500 Philo Rd,49,2.405,2.394035088,0.021686393,High
Meijer 247,2500 Philo Rd,50,2.342857143,2.351440678,0.089081499,High
Meijer 247,2500 Philo Rd,51,2.395,2.410736842,0.144864148,High
Meijer 247,2500 Philo Rd,52,2.46,2.470526316,0.064325529,High
Meyer Oil Co.,1701 Philo Rd,30,2.2,2.132427184,0.114055938,High
Minitmart Mahomet #7,203 N Lombard St,2,2.46,2.479344262,0.056198257,Average
Minitmart Mahomet #7,203 N Lombard St,3,2.29,2.400842105,0.142004369,Average
Minitmart Mahomet #7,203 N Lombard St,4,2.195,2.236203704,0.088715839,Average
Minitmart Mahomet #7,203 N Lombard St,5,2.2,2.169454545,0.065718839,Average
Minitmart Mahomet #7,203 N Lombard St,6,2.2,2.114,0.06391221,Average
Minitmart Mahomet #7,203 N Lombard St,8,2.25,2.278265306,0.083764834,High
Minitmart Mahomet #7,203 N Lombard St,9,2.4,2.332056075,0.071437244,High
Minitmart Mahomet #7,203 N Lombard St,10,2.226666667,2.253245614,0.127525778,High
Minitmart Mahomet #7,203 N Lombard St,15,2.35,2.349605263,0.080157192,High
Minitmart Mahomet #7,203 N Lombard St,16,2.2,2.288518519,0.163099733,High
Minitmart Mahomet #7,203 N Lombard St,19,2.3,2.265164835,0.085872808,High
Minitmart Mahomet #7,203 N Lombard St,20,2.255,2.2975,0.098990787,High
Minitmart Mahomet #7,203 N Lombard St,24,2.1,2.134955752,0.144902208,High
Minitmart Mahomet #7,203 N Lombard St,33,2.4,2.328241758,0.08020243,High
Minitmart Mahomet #7,203 N Lombard St,34,2.2,2.284326923,0.056099157,High
Minitmart Mahomet #7,203 N Lombard St,36,2.6,2.534886364,0.095158601,High
Minitmart Mahomet #7,203 N Lombard St,38,2.365,2.4240625,0.121789967,High
Minitmart Mahomet #7,203 N Lombard St,39,2.266666667,2.398737864,0.104381273,High
Minitmart Mahomet #7,203 N Lombard St,42,2.34,2.344356436,0.110547871,High
Minitmart Mahomet #7,203 N Lombard St,43,2.5,2.445714286,0.12409563,High
Minitmart Mahomet #7,203 N Lombard St,45,2.7,2.689897959,0.044199522,High
Minitmart Mahomet #7,203 N Lombard St,46,2.56,2.640891089,0.042687211,High
Minitmart Mahomet #7,203 N Lombard St,48,2.4,2.464803922,0.085094361,High
Minitmart Mahomet #7,203 N Lombard St,50,2.34,2.351440678,0.089081499,High
Minitmart McKinley R,501 McKinley Ave,32,3.2,2.262788462,0.19092751,High
Mobil Oil Corp. 17859,28W050 Warrenville Rd,38,2.55,2.4240625,0.121789967,High
Motomart #3108,1315 N 3rd St,10,2.14,2.253245614,0.127525778,High
Mundelein Mart,4 E Hawley St,14,2.58,2.348469388,0.164243671,High
Murphy 6724 Atwalmrt,511 S Dunlap Ave,1,2.41,2.433513514,0.108608125,Average
Murphy 6724 Atwalmrt,511 S Dunlap Ave,3,2.31,2.400842105,0.142004369,Average
Murphy 6724 Atwalmrt,511 S Dunlap Ave,5,2.15,2.169454545,0.065718839,Average
Murphy 6724 Atwalmrt,511 S Dunlap Ave,7,2.29,2.256153846,0.083320736,High
Murphy 6724 Atwalmrt,511 S Dunlap Ave,8,2.18,2.278265306,0.083764834,High
Murphy 6724 Atwalmrt,511 S Dunlap Ave,9,2.3,2.332056075,0.071437244,High
Murphy 6724 Atwalmrt,511 S Dunlap Ave,11,2,2.197592593,0.165200928,High
Murphy 6724 Atwalmrt,511 S Dunlap Ave,13,2.08,2.281521739,0.067187368,High
Murphy 6724 Atwalmrt,511 S Dunlap Ave,16,2.2,2.288518519,0.163099733,High
Murphy 6724 Atwalmrt,511 S Dunlap Ave,17,2.21,2.210505051,0.074290848,High
Murphy 6724 Atwalmrt,511 S Dunlap Ave,19,2.26,2.265164835,0.085872808,High
Murphy 6724 Atwalmrt,511 S Dunlap Ave,21,2.15,2.25754902,0.127663204,High
Murphy 6724 Atwalmrt,511 S Dunlap Ave,23,2.12,2.186530612,0.101026709,High
Murphy 6724 Atwalmrt,511 S Dunlap Ave,25,1.98,2.05311828,0.038701154,High
Murphy 6724 Atwalmrt,511 S Dunlap Ave,29,2.05,2.067272727,0.082780977,High
Murphy 6724 Atwalmrt,511 S Dunlap Ave,36,2.56,2.534886364,0.095158601,High
Murphy 6724 Atwalmrt,511 S Dunlap Ave,38,2.29,2.4240625,0.121789967,High
Murphy 6724 Atwalmrt,511 S Dunlap Ave,39,2.22,2.398737864,0.104381273,High
Murphy 6724 Atwalmrt,511 S Dunlap Ave,41,2.31,2.369791667,0.059453284,High
Murphy 6724 Atwalmrt,511 S Dunlap Ave,42,2.27,2.344356436,0.110547871,High
Murphy 6724 Atwalmrt,511 S Dunlap Ave,47,2.35,2.519753086,0.082461738,High
Murphy 7231 Atwalmrt,2602 N Prospect Ave,3,2.31,2.400842105,0.142004369,Average
Murphy 7231 Atwalmrt,2602 N Prospect Ave,13,2.205,2.281521739,0.067187368,High
Murphy 7275 Atwalmrt,110 Shigh Cross Rd,4,2.29,2.236203704,0.088715839,Average
Murphy 7275 Atwalmrt,110 Shigh Cross Rd,5,2.07,2.169454545,0.065718839,Average
Murphy 7275 Atwalmrt,110 Shigh Cross Rd,11,2.33,2.197592593,0.165200928,High
Murphy 7275 Atwalmrt,110 Shigh Cross Rd,12,2.23,2.353861386,0.056920476,High
Murphy 7275 Atwalmrt,110 Shigh Cross Rd,13,2.2,2.281521739,0.067187368,High
Murphy 7275 Atwalmrt,110 Shigh Cross Rd,14,2.08,2.348469388,0.164243671,High
Murphy 7275 Atwalmrt,110 Shigh Cross Rd,19,2.07,2.265164835,0.085872808,High
Murphy 7275 Atwalmrt,110 Shigh Cross Rd,23,2.16,2.186530612,0.101026709,High
Murphy 7275 Atwalmrt,110 Shigh Cross Rd,27,2.12,2.145816327,0.051210571,High
Murphy 7275 Atwalmrt,110 Shigh Cross Rd,28,2.06,2.120970874,0.071927449,High
Murphy 7275 Atwalmrt,110 Shigh Cross Rd,30,2,2.132427184,0.114055938,High
Murphy 7275 Atwalmrt,110 Shigh Cross Rd,33,2.16,2.328241758,0.08020243,High
Murphy 7275 Atwalmrt,110 Shigh Cross Rd,36,2.55,2.534886364,0.095158601,High
Murphy 7275 Atwalmrt,110 Shigh Cross Rd,40,2.345,2.419807692,0.071080165,High
Murphy 7275 Atwalmrt,110 Shigh Cross Rd,41,2.59,2.369791667,0.059453284,High
Murphy 7275 Atwalmrt,110 Shigh Cross Rd,43,2.44,2.445714286,0.12409563,High
Murphy 7275 Atwalmrt,110 Shigh Cross Rd,48,2.42,2.464803922,0.085094361,High
Murphy 7275 Atwalmrt,110 Shigh Cross Rd,51,2.25,2.410736842,0.144864148,High
Murphy 7275 Atwalmrt,110 Shigh Cross Rd,52,2.453333333,2.470526316,0.064325529,High
Omsai LLC,1701 Philo Rd,2,2.485,2.479344262,0.056198257,Average
Omsai LLC,1701 Philo Rd,3,2.43,2.400842105,0.142004369,Average
Omsai LLC,1701 Philo Rd,4,2.33,2.236203704,0.088715839,Average
Omsai LLC,1701 Philo Rd,5,2.215,2.169454545,0.065718839,Average
Omsai LLC,1701 Philo Rd,6,2.12,2.114,0.06391221,Average
Omsai LLC,1701 Philo Rd,7,2.25,2.256153846,0.083320736,High
Omsai LLC,1701 Philo Rd,8,2.25,2.278265306,0.083764834,High
Omsai LLC,1701 Philo Rd,9,2.39,2.332056075,0.071437244,High
Omsai LLC,1701 Philo Rd,10,2.27,2.253245614,0.127525778,High
Omsai LLC,1701 Philo Rd,11,2.256666667,2.197592593,0.165200928,High
Omsai LLC,1701 Philo Rd,12,2.323333333,2.353861386,0.056920476,High
Omsai LLC,1701 Philo Rd,13,2.3,2.281521739,0.067187368,High
Omsai LLC,1701 Philo Rd,14,2.47,2.348469388,0.164243671,High
Omsai LLC,1701 Philo Rd,15,2.34,2.349605263,0.080157192,High
Omsai LLC,1701 Philo Rd,16,2.24,2.288518519,0.163099733,High
Omsai LLC,1701 Philo Rd,17,2.233333333,2.210505051,0.074290848,High
Omsai LLC,1701 Philo Rd,18,2.08,2.130454545,0.059343324,High
Omsai LLC,1701 Philo Rd,19,2.24,2.265164835,0.085872808,High
Omsai LLC,1701 Philo Rd,20,2.29,2.2975,0.098990787,High
Omsai LLC,1701 Philo Rd,21,3.25,2.25754902,0.127663204,High
Omsai LLC,1701 Philo Rd,22,2.294,2.209885057,0.043894542,High
Omsai LLC,1701 Philo Rd,23,2.29,2.186530612,0.101026709,High
Omsai LLC,1701 Philo Rd,24,2.55,2.134955752,0.144902208,High
Omsai LLC,1701 Philo Rd,25,2.15,2.05311828,0.038701154,High
Omsai LLC,1701 Philo Rd,26,2.2,2.099270833,0.102569563,High
Omsai LLC,1701 Philo Rd,27,2.215,2.145816327,0.051210571,High
Omsai LLC,1701 Philo Rd,29,2.2,2.067272727,0.082780977,High
Omsai LLC,1701 Philo Rd,30,2.2,2.132427184,0.114055938,High
Omsai LLC,1701 Philo Rd,31,2.22,2.198024691,0.049356351,High
Omsai LLC,1701 Philo Rd,32,2.203333333,2.262788462,0.19092751,High
Omsai LLC,1701 Philo Rd,33,2.4,2.328241758,0.08020243,High
Omsai LLC,1701 Philo Rd,34,2.33,2.284326923,0.056099157,High
Omsai LLC,1701 Philo Rd,35,2.39,2.391445783,0.078088951,High
Omsai LLC,1701 Philo Rd,36,2.59,2.534886364,0.095158601,High
Omsai LLC,1701 Philo Rd,39,2.4075,2.398737864,0.104381273,High
Omsai LLC,1701 Philo Rd,40,2.43,2.419807692,0.071080165,High
Omsai LLC,1701 Philo Rd,41,2.41,2.369791667,0.059453284,High
Omsai LLC,1701 Philo Rd,42,2.35,2.344356436,0.110547871,High
Omsai LLC,1701 Philo Rd,43,2.48,2.445714286,0.12409563,High
Omsai LLC,1701 Philo Rd,44,2.58,2.586727273,0.138166959,High
Omsai LLC,1701 Philo Rd,47,2.53,2.519753086,0.082461738,High
Omsai LLC,1701 Philo Rd,48,2.49,2.464803922,0.085094361,High
Omsai LLC,1701 Philo Rd,49,2.4,2.394035088,0.021686393,High
Omsai LLC,1701 Philo Rd,50,2.35,2.351440678,0.089081499,High
Omsai LLC,1701 Philo Rd,51,2.49,2.410736842,0.144864148,High
Omsai LLC,1701 Philo Rd,52,2.49,2.470526316,0.064325529,High
Pilot Site 368,4030 E Boyd Rd,4,2.08,2.236203704,0.088715839,Average
Pilot Site 368,4030 E Boyd Rd,10,2.16,2.253245614,0.127525778,High
Pilot Site 368,4030 E Boyd Rd,51,2.44,2.410736842,0.144864148,High
Pilot Site 482,4610 Broadway St,36,2.48,2.534886364,0.095158601,High
Quiktrip 0662,955 Bryan Rd,37,2.3,2.541935484,0.124867391,High
Road Ranger 132,4910 N Market St,26,2.06,2.099270833,0.102569563,High
S and P United Inc.,1005 Purnell Dr,4,2.26,2.236203704,0.088715839,Average
S and P United Inc.,1005 Purnell Dr,9,2.15,2.332056075,0.071437244,High
S and P United Inc.,1005 Purnell Dr,10,2.16,2.253245614,0.127525778,High
S and P United Inc.,1005 Purnell Dr,11,2.06,2.197592593,0.165200928,High
S and P United Inc.,1005 Purnell Dr,18,2.155,2.130454545,0.059343324,High
S and P United Inc.,1005 Purnell Dr,27,2.15,2.145816327,0.051210571,High
S and P United Inc.,1005 Purnell Dr,36,2.6,2.534886364,0.095158601,High
S and P United Inc.,1005 Purnell Dr,39,2.26,2.398737864,0.104381273,High
S and P United Inc.,1005 Purnell Dr,45,2.69,2.689897959,0.044199522,High
S and P United Inc.,1005 Purnell Dr,48,2.4,2.464803922,0.085094361,High
S and P United Inc.,1005 Purnell Dr,50,2.3,2.351440678,0.089081499,High
Sav. A Step Food Mart,1505 Veterans Pkwy,40,2.5,2.419807692,0.071080165,High
Schnuck Experess,306 E Main St,1,2.392941176,2.433513514,0.108608125,Average
Schnuck Experess,306 E Main St,2,2.465454545,2.479344262,0.056198257,Average
Schnuck Experess,306 E Main St,3,2.381428571,2.400842105,0.142004369,Average
Schnuck Experess,306 E Main St,4,2.164,2.236203704,0.088715839,Average
Schnuck Experess,306 E Main St,5,2.102352941,2.169454545,0.065718839,Average
Schnuck Experess,306 E Main St,6,2.004285714,2.114,0.06391221,Average
Schnuck Experess,306 E Main St,7,2.25,2.256153846,0.083320736,High
Schnuck Experess,306 E Main St,8,2.273333333,2.278265306,0.083764834,High
Schnuck Experess,306 E Main St,9,2.337272727,2.332056075,0.071437244,High
Schnuck Experess,306 E Main St,10,2.33,2.253245614,0.127525778,High
Schnuck Experess,306 E Main St,52,2.36,2.470526316,0.064325529,High
Schnucks Urbana Expr.,306 E Main St,10,2.26,2.253245614,0.127525778,High
Schnucks Urbana Expr.,306 E Main St,11,2.232857143,2.197592593,0.165200928,High
Schnucks Urbana Expr.,306 E Main St,12,2.34,2.353861386,0.056920476,High
Schnucks Urbana Expr.,306 E Main St,13,2.298181818,2.281521739,0.067187368,High
Schnucks Urbana Expr.,306 E Main St,14,2.39,2.348469388,0.164243671,High
Schnucks Urbana Expr.,306 E Main St,15,2.328888889,2.349605263,0.080157192,High
Schnucks Urbana Expr.,306 E Main St,16,2.303846154,2.288518519,0.163099733,High
Schnucks Urbana Expr.,306 E Main St,17,2.303333333,2.210505051,0.074290848,High
Schnucks Urbana Expr.,306 E Main St,18,2.1975,2.130454545,0.059343324,High
Schnucks Urbana Expr.,306 E Main St,19,2.262222222,2.265164835,0.085872808,High
Schnucks Urbana Expr.,306 E Main St,20,2.291428571,2.2975,0.098990787,High
Schnucks Urbana Expr.,306 E Main St,21,2.246666667,2.25754902,0.127663204,High
Schnucks Urbana Expr.,306 E Main St,22,2.2,2.209885057,0.043894542,High
Schnucks Urbana Expr.,306 E Main St,23,2.177777778,2.186530612,0.101026709,High
Schnucks Urbana Expr.,306 E Main St,24,2.12,2.134955752,0.144902208,High
Schnucks Urbana Expr.,306 E Main St,25,2.08,2.05311828,0.038701154,High
Schnucks Urbana Expr.,306 E Main St,26,2.131428571,2.099270833,0.102569563,High
Schnucks Urbana Expr.,306 E Main St,27,2.16,2.145816327,0.051210571,High
Schnucks Urbana Expr.,306 E Main St,28,2.137777778,2.120970874,0.071927449,High
Schnucks Urbana Expr.,306 E Main St,29,2.133333333,2.067272727,0.082780977,High
Schnucks Urbana Expr.,306 E Main St,30,2.153333333,2.132427184,0.114055938,High
Schnucks Urbana Expr.,306 E Main St,31,2.2,2.198024691,0.049356351,High
Schnucks Urbana Expr.,306 E Main St,32,2.35,2.262788462,0.19092751,High
Schnucks Urbana Expr.,306 E Main St,33,2.36,2.328241758,0.08020243,High
Schnucks Urbana Expr.,306 E Main St,34,2.318,2.284326923,0.056099157,High
Schnucks Urbana Expr.,306 E Main St,35,2.4,2.391445783,0.078088951,High
Schnucks Urbana Expr.,306 E Main St,36,2.5,2.534886364,0.095158601,High
Schnucks Urbana Expr.,306 E Main St,37,2.555,2.541935484,0.124867391,High
Schnucks Urbana Expr.,306 E Main St,38,2.433333333,2.4240625,0.121789967,High
Schnucks Urbana Expr.,306 E Main St,39,2.368888889,2.398737864,0.104381273,High
Schnucks Urbana Expr.,306 E Main St,40,2.431111111,2.419807692,0.071080165,High
Schnucks Urbana Expr.,306 E Main St,41,2.37,2.369791667,0.059453284,High
Schnucks Urbana Expr.,306 E Main St,42,2.32,2.344356436,0.110547871,High
Schnucks Urbana Expr.,306 E Main St,43,2.48,2.445714286,0.12409563,High
Schnucks Urbana Expr.,306 E Main St,44,2.628571429,2.586727273,0.138166959,High
Schnucks Urbana Expr.,306 E Main St,45,2.693333333,2.689897959,0.044199522,High
Schnucks Urbana Expr.,306 E Main St,46,2.641666667,2.640891089,0.042687211,High
Schnucks Urbana Expr.,306 E Main St,47,2.524,2.519753086,0.082461738,High
Schnucks Urbana Expr.,306 E Main St,48,2.468571429,2.464803922,0.085094361,High
Schnucks Urbana Expr.,306 E Main St,49,2.4,2.394035088,0.021686393,High
Schnucks Urbana Expr.,306 E Main St,50,2.354736842,2.351440678,0.089081499,High
Schnucks Urbana Expr.,306 E Main St,51,2.371428571,2.410736842,0.144864148,High
Schnucks Urbana Expr.,306 E Main St,52,2.5,2.470526316,0.064325529,High
Shell Service Statio,2400 W Jonathan Moore Pike,12,2.26,2.353861386,0.056920476,High
Shell Service Statio,303 E Warren St,2,2.46,2.479344262,0.056198257,Average
Shell Service Statio,303 E Warren St,6,2.15,2.114,0.06391221,Average
Shell Service Statio,303 E Warren St,8,2.28,2.278265306,0.083764834,High
Shell Service Statio,303 E Warren St,10,2.23,2.253245614,0.127525778,High
Shell Service Statio,303 E Warren St,12,2.3,2.353861386,0.056920476,High
Shell Service Statio,303 E Warren St,14,2.2,2.348469388,0.164243671,High
Shell Service Statio,303 E Warren St,15,2.35,2.349605263,0.080157192,High
Shell Service Statio,303 E Warren St,21,2.2,2.25754902,0.127663204,High
Shell Service Statio,303 E Warren St,24,2.13,2.134955752,0.144902208,High
Shell Service Statio,303 E Warren St,29,2.04,2.067272727,0.082780977,High
Shell Service Statio,303 E Warren St,31,2.2,2.198024691,0.049356351,High
Shell Service Statio,303 E Warren St,36,2.6,2.534886364,0.095158601,High
Shell Service Statio,303 E Warren St,42,2.36,2.344356436,0.110547871,High
Shell Service Statio,303 E Warren St,44,2.44,2.586727273,0.138166959,High
Shell Service Statio,303 E Warren St,47,2.54,2.519753086,0.082461738,High
Shell Service Statio,501 Hickory Hills Blvd,36,2.7,2.534886364,0.095158601,High
Shell Service Statio,8703 Col H Weir Ck M,27,2.4,2.145816327,0.051210571,High
Skyline Fuel Inc.,6276 Sawyer Rd,46,2.78,2.640891089,0.042687211,High
Speedway 01415,2925 Riverstone Ct,24,2.16,2.134955752,0.144902208,High
Speedway 05387,5555 W 86th St,5,2,2.169454545,0.065718839,Average
Speedway 07439,1712 W Ogden Ave,19,2.49,2.265164835,0.085872808,High
Speedway 07774,5990 E 71st St,41,2.5,2.369791667,0.059453284,High
Speedway 08595,550 Ogden Ave,37,2.6,2.541935484,0.124867391,High
Springfield Marathon,817 S Dirksen Pkwy,9,2.25,2.332056075,0.071437244,High
Sunrise Business Inc.,872 County Road 1000 N,28,2.26,2.120970874,0.071927449,High
SZBD Inc.,508 S Vine St,1,2.516428571,2.433513514,0.108608125,Average
SZBD Inc.,508 S Vine St,2,2.48,2.479344262,0.056198257,Average
SZBD Inc.,508 S Vine St,3,2.561818182,2.400842105,0.142004369,Average
SZBD Inc.,508 S Vine St,4,2.28875,2.236203704,0.088715839,Average
SZBD Inc.,508 S Vine St,5,2.203076923,2.169454545,0.065718839,Average
SZBD Inc.,508 S Vine St,6,2.140666667,2.114,0.06391221,Average
SZBD Inc.,508 S Vine St,7,2.27625,2.256153846,0.083320736,High
SZBD Inc.,508 S Vine St,8,2.28,2.278265306,0.083764834,High
SZBD Inc.,508 S Vine St,9,2.373529412,2.332056075,0.071437244,High
SZBD Inc.,508 S Vine St,10,2.389375,2.253245614,0.127525778,High
SZBD Inc.,508 S Vine St,11,2.283529412,2.197592593,0.165200928,High
SZBD Inc.,508 S Vine St,12,2.389411765,2.353861386,0.056920476,High
SZBD Inc.,508 S Vine St,13,2.3625,2.281521739,0.067187368,High
SZBD Inc.,508 S Vine St,14,2.436363636,2.348469388,0.164243671,High
SZBD Inc.,508 S Vine St,15,2.435714286,2.349605263,0.080157192,High
SZBD Inc.,508 S Vine St,16,2.401666667,2.288518519,0.163099733,High
SZBD Inc.,508 S Vine St,17,2.298,2.210505051,0.074290848,High
SZBD Inc.,508 S Vine St,18,2.173333333,2.130454545,0.059343324,High
SZBD Inc.,508 S Vine St,19,2.294666667,2.265164835,0.085872808,High
SZBD Inc.,508 S Vine St,20,2.366666667,2.2975,0.098990787,High
SZBD Inc.,508 S Vine St,21,2.32,2.25754902,0.127663204,High
SZBD Inc.,508 S Vine St,22,2.255,2.209885057,0.043894542,High
SZBD Inc.,508 S Vine St,23,2.285333333,2.186530612,0.101026709,High
SZBD Inc.,508 S Vine St,24,2.211363636,2.134955752,0.144902208,High
SZBD Inc.,508 S Vine St,25,2.12,2.05311828,0.038701154,High
SZBD Inc.,508 S Vine St,26,2.16875,2.099270833,0.102569563,High
SZBD Inc.,508 S Vine St,27,2.2,2.145816327,0.051210571,High
SZBD Inc.,508 S Vine St,28,2.212307692,2.120970874,0.071927449,High
SZBD Inc.,508 S Vine St,29,2.186,2.067272727,0.082780977,High
SZBD Inc.,508 S Vine St,30,2.160666667,2.132427184,0.114055938,High
SZBD Inc.,508 S Vine St,31,2.23,2.198024691,0.049356351,High
SZBD Inc.,508 S Vine St,32,2.446470588,2.262788462,0.19092751,High
SZBD Inc.,508 S Vine St,33,2.375,2.328241758,0.08020243,High
SZBD Inc.,508 S Vine St,34,2.314444444,2.284326923,0.056099157,High
SZBD Inc.,508 S Vine St,35,2.45,2.391445783,0.078088951,High
SZBD Inc.,508 S Vine St,36,2.545454545,2.534886364,0.095158601,High
SZBD Inc.,508 S Vine St,37,2.736,2.541935484,0.124867391,High
SZBD Inc.,508 S Vine St,38,2.528666667,2.4240625,0.121789967,High
SZBD Inc.,508 S Vine St,39,2.463333333,2.398737864,0.104381273,High
SZBD Inc.,508 S Vine St,40,2.465,2.419807692,0.071080165,High
SZBD Inc.,508 S Vine St,41,2.39,2.369791667,0.059453284,High
SZBD Inc.,508 S Vine St,42,2.492,2.344356436,0.110547871,High
SZBD Inc.,508 S Vine St,43,2.5,2.445714286,0.12409563,High
SZBD Inc.,508 S Vine St,44,2.638461538,2.586727273,0.138166959,High
SZBD Inc.,508 S Vine St,45,2.74,2.689897959,0.044199522,High
SZBD Inc.,508 S Vine St,46,2.652,2.640891089,0.042687211,High
SZBD Inc.,508 S Vine St,47,2.522222222,2.519753086,0.082461738,High
SZBD Inc.,508 S Vine St,48,2.476470588,2.464803922,0.085094361,High
SZBD Inc.,508 S Vine St,49,2.4,2.394035088,0.021686393,High
SZBD Inc.,508 S Vine St,50,2.3525,2.351440678,0.089081499,High
SZBD Inc.,508 S Vine St,51,2.535,2.410736842,0.144864148,High
SZBD Inc.,508 S Vine St,52,2.5,2.470526316,0.064325529,High
Thorntons #0108 Q,7425 E Washington St,14,2.23,2.348469388,0.164243671,High
Thorntons #0369 Q,2903 Woodlawn Rd,42,2.3,2.344356436,0.110547871,High
Thorntons #0385 Q,101 Burwash Ave,34,2.14,2.284326923,0.056099157,High
Thorntons #0385 Q,101 Burwash Ave,50,2.27,2.351440678,0.089081499,High
Thorntons #0386,101 S Mattis Ave,3,2.3,2.400842105,0.142004369,Average
Thorntons #0386,101 S Mattis Ave,6,2,2.114,0.06391221,Average
Thorntons #0386,101 S Mattis Ave,36,2.49,2.534886364,0.095158601,High
Thorntons #320,476 N York St,11,2.18,2.197592593,0.165200928,High
Urbana Farmtown,1509 E University Ave,1,2.413333333,2.433513514,0.108608125,Average
Urbana Farmtown,1509 E University Ave,2,2.49,2.479344262,0.056198257,Average
Urbana Farmtown,1509 E University Ave,3,2.41,2.400842105,0.142004369,Average
Urbana Farmtown,1509 E University Ave,4,2.288571429,2.236203704,0.088715839,Average
Urbana Farmtown,1509 E University Ave,5,2.122222222,2.169454545,0.065718839,Average
Urbana Farmtown,1509 E University Ave,6,2.12,2.114,0.06391221,Average
Urbana Farmtown,1509 E University Ave,7,2.268333333,2.256153846,0.083320736,High
Urbana Farmtown,1509 E University Ave,8,2.3,2.278265306,0.083764834,High
Urbana Farmtown,1509 E University Ave,9,2.317777778,2.332056075,0.071437244,High
Urbana Farmtown,1509 E University Ave,10,2.245,2.253245614,0.127525778,High
Urbana Farmtown,1509 E University Ave,11,2.182142857,2.197592593,0.165200928,High
Urbana Farmtown,1509 E University Ave,12,2.328571429,2.353861386,0.056920476,High
Urbana Farmtown,1509 E University Ave,13,2.29,2.281521739,0.067187368,High
Urbana Farmtown,1509 E University Ave,14,2.334285714,2.348469388,0.164243671,High
Urbana Farmtown,1509 E University Ave,15,2.39,2.349605263,0.080157192,High
Urbana Farmtown,1509 E University Ave,16,2.271428571,2.288518519,0.163099733,High
Urbana Farmtown,1509 E University Ave,17,2.186666667,2.210505051,0.074290848,High
Urbana Farmtown,1509 E University Ave,18,2.136,2.130454545,0.059343324,High
Urbana Farmtown,1509 E University Ave,19,2.274285714,2.265164835,0.085872808,High
Urbana Farmtown,1509 E University Ave,20,2.3,2.2975,0.098990787,High
Urbana Farmtown,1509 E University Ave,21,2.224,2.25754902,0.127663204,High
Urbana Farmtown,1509 E University Ave,22,2.2,2.209885057,0.043894542,High
Urbana Farmtown,1509 E University Ave,23,2.165714286,2.186530612,0.101026709,High
Urbana Farmtown,1509 E University Ave,24,2.102857143,2.134955752,0.144902208,High
Urbana Farmtown,1509 E University Ave,25,2.047777778,2.05311828,0.038701154,High
Urbana Farmtown,1509 E University Ave,26,2.009166667,2.099270833,0.102569563,High
Urbana Farmtown,1509 E University Ave,27,2.15,2.145816327,0.051210571,High
Urbana Farmtown,1509 E University Ave,28,2.09,2.120970874,0.071927449,High
Urbana Farmtown,1509 E University Ave,29,2.045714286,2.067272727,0.082780977,High
Urbana Farmtown,1509 E University Ave,30,2.057142857,2.132427184,0.114055938,High
Urbana Farmtown,1509 E University Ave,31,2.2,2.198024691,0.049356351,High
Urbana Farmtown,1509 E University Ave,32,2.218181818,2.262788462,0.19092751,High
Urbana Farmtown,1509 E University Ave,33,2.390909091,2.328241758,0.08020243,High
Urbana Farmtown,1509 E University Ave,34,2.278181818,2.284326923,0.056099157,High
Urbana Farmtown,1509 E University Ave,35,2.4,2.391445783,0.078088951,High
Urbana Farmtown,1509 E University Ave,36,2.514285714,2.534886364,0.095158601,High
Urbana Farmtown,1509 E University Ave,37,2.543333333,2.541935484,0.124867391,High
Urbana Farmtown,1509 E University Ave,38,2.451428571,2.4240625,0.121789967,High
Urbana Farmtown,1509 E University Ave,39,2.39,2.398737864,0.104381273,High
Urbana Farmtown,1509 E University Ave,40,2.38,2.419807692,0.071080165,High
Urbana Farmtown,1509 E University Ave,41,2.358333333,2.369791667,0.059453284,High
Urbana Farmtown,1509 E University Ave,42,2.3,2.344356436,0.110547871,High
Urbana Farmtown,1509 E University Ave,43,2.312727273,2.445714286,0.12409563,High
Urbana Farmtown,1509 E University Ave,44,2.555555556,2.586727273,0.138166959,High
Urbana Farmtown,1509 E University Ave,45,2.688,2.689897959,0.044199522,High
Urbana Farmtown,1509 E University Ave,46,2.63625,2.640891089,0.042687211,High
Urbana Farmtown,1509 E University Ave,47,2.532,2.519753086,0.082461738,High
Urbana Farmtown,1509 E University Ave,48,2.5,2.464803922,0.085094361,High
Urbana Farmtown,1509 E University Ave,49,2.405,2.394035088,0.021686393,High
Urbana Farmtown,1509 E University Ave,50,2.364285714,2.351440678,0.089081499,High
Urbana Farmtown,1509 E University Ave,51,2.344,2.410736842,0.144864148,High
Urbana Farmtown,1509 E University Ave,52,2.47,2.470526316,0.064325529,High
Village Pantry 1207,401 N Market St,51,2.31,2.410736842,0.144864148,
Village Pantry 5210,502 N Oakwood St,36,2.6,2.534886364,0.095158601,
Winners Circle 14,3120 Pine St,31,2.06,2.198024691,0.049356351,
(blank),(blank),(blank),,,,
